Date,Ticker,stock_p_change,SP500_p_change,model,outperformance,sharpe_proxy,predicted_outperformance_probability
2011-12-31 21:00:25,urbn,38.68,14.05,extra_trees,24.63,,0.6146769323174314
2012-01-01 09:11:12,bac,109.83,15.99,extra_trees,93.84,2.1830369016927196,0.7863880244861343
2012-01-01 09:30:57,ge,21.59,15.99,extra_trees,5.6,0.4613379827041781,0.5213549395810647
2012-01-01 10:02:29,s,142.31,15.99,extra_trees,126.32000000000001,2.4801776135638343,0.7728526803816573
2012-01-01 13:36:26,biib,33.0,15.99,extra_trees,17.009999999999998,0.615334883199223,0.518710594180441
2012-01-01 20:57:00,aeo,47.5,15.99,extra_trees,31.509999999999998,0.9739590061209042,0.6263290253368249
2012-01-01 23:06:14,wfc,27.35,15.99,extra_trees,11.360000000000001,0.5844537832744573,0.8140808366483717
2012-01-01 23:13:40,wdc,39.07,15.99,extra_trees,23.08,0.8888809418872301,0.6208070469397705
2012-01-02 04:15:13,pfe,20.43,15.99,extra_trees,4.4399999999999995,0.47595761620785954,0.7504350272258234
2012-01-02 08:04:30,unp,23.84,15.99,extra_trees,7.85,0.5740698715187124,0.5517942643330562
2012-01-02 19:33:14,gs,43.39,15.99,extra_trees,27.4,1.0997903379755023,0.5166819838372727
2012-01-02 19:36:41,v,54.05,15.99,extra_trees,38.059999999999995,1.4360625723305394,0.6110768974030867
2012-01-02 19:39:36,aig,52.16,15.99,extra_trees,36.169999999999995,1.4472855947030583,0.570125172143088
2012-01-03 13:31:10,jpm,32.38,17.1,extra_trees,15.280000000000001,0.9263688778130189,0.668093540129989
2012-01-03 13:50:51,dis,35.43,17.1,extra_trees,18.33,1.046269933358835,0.6134100570449136
2012-01-03 19:26:58,sti,59.3,17.1,extra_trees,42.199999999999996,1.8059877733103011,0.5874037135881045
2012-01-04 01:49:33,fslr,-0.84,16.65,extra_trees,-17.49,-0.024814545723432245,0.5529044622232709
2012-01-04 02:27:50,ci,25.9,16.65,extra_trees,9.25,0.7806214950390069,0.5483244757500676
2012-01-07 09:19:59,wmt,19.93,17.15,extra_trees,2.780000000000001,0.608619350586525,0.8155685875650052
2012-01-07 14:19:13,hd,49.45,17.15,extra_trees,32.300000000000004,1.5501383537357083,0.6223665944760512
2012-01-07 22:39:22,vlo,77.75,17.15,extra_trees,60.6,2.3737694036052264,0.5045669690177119
2012-01-08 08:59:52,aapl,32.06,16.83,extra_trees,15.230000000000004,1.0991017912204935,0.9121442326763777
2012-01-12 04:29:33,goog,17.53,16.08,extra_trees,1.4500000000000028,0.5976482638588186,0.5001276829075731
2012-01-13 03:10:55,ea,-21.06,16.68,extra_trees,-37.739999999999995,-1.193990066264925,0.5683653333775476
2012-01-13 14:12:49,ipg,13.44,16.68,extra_trees,-3.24,0.7336083471724343,0.500147193813222
2012-01-14 11:04:15,wmt,18.11,16.68,extra_trees,1.4299999999999997,0.9835272995653166,0.8014634132856021
2012-01-15 06:54:17,ebay,73.68,16.6,extra_trees,57.080000000000005,3.6039212719586575,0.5508847360200109
2012-01-18 22:16:00,oke,7.57,15.69,extra_trees,-8.12,0.3546084167910283,0.5478469290506606
2012-01-27 14:56:29,mrk,17.54,16.51,extra_trees,1.0299999999999976,0.8175976717123576,0.6143793609848931
2012-01-28 00:34:11,ma,52.83,16.51,extra_trees,36.31999999999999,2.4318200709358284,0.8070533504808567
2012-01-28 06:06:40,ivz,26.06,16.51,extra_trees,9.549999999999997,1.1994258846013819,0.5541470186138837
2012-01-28 06:09:47,dlph,44.59,16.51,extra_trees,28.080000000000002,2.0860006260640342,0.5931451928766779
2012-01-28 06:10:10,mpc,87.8,16.51,extra_trees,71.28999999999999,3.617693954083521,0.6756842350064146
2012-01-28 15:14:39,ivz,26.06,16.51,extra_trees,9.549999999999997,1.069980450598439,0.5542941549990964
2012-01-28 15:18:06,dlph,44.59,16.51,extra_trees,28.080000000000002,1.8242287838208706,0.5998269492186538
2012-01-28 15:18:37,mpc,87.8,16.51,extra_trees,71.28999999999999,3.298400165734832,0.6756842350064146
2012-01-30 04:34:27,pfe,33.38,17.23,extra_trees,16.150000000000002,1.32270050845316,0.7462122224248675
2012-01-31 01:27:52,rhi,31.83,16.81,extra_trees,15.02,1.2675954731283523,0.5254409282272748
2012-02-01 09:42:38,dfs,40.17,15.51,extra_trees,24.660000000000004,1.6263468176851996,0.6319092861617914
2012-02-01 18:13:31,hov,126.59,15.51,extra_trees,111.08,4.037614690256531,0.6504014887569051
2012-02-03 03:48:15,dfs,39.16,14.91,extra_trees,24.249999999999996,1.290756507340417,0.6102020682522415
2012-02-04 03:41:42,goog,30.06,14.91,extra_trees,15.149999999999999,0.989568443147199,0.5704006250521181
2012-02-04 11:55:01,dfs,39.16,14.91,extra_trees,24.249999999999996,1.312314223567664,0.612554112568868
2012-02-04 15:57:56,rsh,1.91,14.91,extra_trees,-13.0,0.06186570971524683,0.5046604110637385
2012-02-06 16:16:09,dfs,40.58,14.84,extra_trees,25.74,1.346645078429358,0.6105919483106766
2012-02-11 00:32:10,dfs,43.24,15.49,extra_trees,27.75,1.463830020805534,0.6062700534874904
2012-02-13 01:32:02,dfs,39.33,14.8,extra_trees,24.529999999999998,1.3677468360856848,0.5968287770532955
2012-02-13 05:44:37,gnw,1.11,14.8,extra_trees,-13.690000000000001,0.038004428771536265,0.5556968042995085
2012-02-14 19:14:56,expe,96.54,15.04,extra_trees,81.5,3.1223789203325305,0.515227946621378
2012-02-17 07:08:15,dfs,34.14,13.98,extra_trees,20.16,1.101144320125118,0.5846092321770902
2012-02-17 08:38:29,gnw,-1.74,13.98,extra_trees,-15.72,-0.05392610153064113,0.5502873748287549
2012-02-20 00:36:36,dfs,35.44,14.84,extra_trees,20.599999999999998,1.0962064312311972,0.5750416489481692
2012-02-20 04:52:27,gnw,-1.19,14.84,extra_trees,-16.03,-0.037237678756599314,0.552006774200411
2012-02-24 14:56:40,dfs,30.38,13.39,extra_trees,16.99,0.9531184171859066,0.5706775501122946
2012-02-24 17:42:23,gnw,-3.5,13.39,extra_trees,-16.89,-0.10649275260479008,0.5501526981405068
2012-02-26 11:45:56,dfs,27.2,11.23,extra_trees,15.969999999999999,0.8846995434118994,0.5703943447533852
2012-02-26 14:09:30,gnw,-8.86,11.23,extra_trees,-20.09,-0.2831582314697955,0.54984592478245
2012-02-29 05:10:45,gci,42.76,13.1,extra_trees,29.659999999999997,1.36383997633342,0.5625740041245453
2012-02-29 09:00:05,dfs,29.95,13.1,extra_trees,16.85,0.955870343016453,0.5672036567582954
2012-02-29 11:18:24,gnw,-6.05,13.1,extra_trees,-19.15,-0.2630759557896364,0.5560604077035107
2012-03-01 09:23:44,dfs,28.97,12.89,extra_trees,16.08,1.2683741204608567,0.5669720793168089
2012-03-01 11:08:31,gnw,-6.37,12.89,extra_trees,-19.26,-0.273521361145388,0.5568339388985942
2012-03-01 23:19:11,bac,40.29,12.89,extra_trees,27.4,1.7274044597484457,0.5326639943862801
2012-03-03 14:56:42,nok,-26.08,13.23,extra_trees,-39.31,-1.1525996647197942,0.5090602588121939
2012-03-04 13:38:54,dfs,31.81,13.84,extra_trees,17.97,1.417679844031447,0.5547294952882015
2012-03-04 16:38:42,gnw,1.45,13.84,extra_trees,-12.39,0.0636947382909161,0.5618040611613763
2012-03-06 03:43:58,sfly,54.42,17.2,extra_trees,37.22,2.314323870903722,0.7031994564975356
2012-03-06 19:42:19,v,44.83,17.2,extra_trees,27.63,1.9351744489906917,0.5923755957839767
2012-03-07 17:08:49,fslr,1.16,16.6,extra_trees,-15.440000000000001,0.06704506788545506,0.5352525869692044
2012-03-09 07:00:14,wfc,18.73,15.5,extra_trees,3.2300000000000004,1.0944448847382526,0.6948055883760872
2012-03-09 07:22:13,usb,18.0,15.5,extra_trees,2.5,1.0927761510596572,0.5339485533397939
2012-03-09 08:18:30,nvda,-12.4,15.5,extra_trees,-27.9,-0.7583255915552487,0.5155299500110323
2012-03-09 20:40:39,wfc,18.73,15.5,extra_trees,3.2300000000000004,1.1969588696212214,0.6877138881018594
2012-03-10 02:13:15,bac,50.61,15.5,extra_trees,35.11,3.0143379635658096,0.5318350120444292
2012-03-10 10:30:23,bbt,10.18,15.5,extra_trees,-5.32,0.6195493110384376,0.5060484930313033
2012-03-10 10:31:12,usb,18.0,15.5,extra_trees,2.5,1.0932911118047064,0.5299016420997561
2012-03-11 13:28:28,pfe,36.43,15.93,extra_trees,20.5,2.2310087365414866,0.6933670500214641
2012-03-12 14:42:43,s,117.65,15.67,extra_trees,101.98,4.4848413828588,0.70737371302797
2012-03-13 08:47:34,fslr,-1.54,13.78,extra_trees,-15.32,-0.05721405214608879,0.5108943711409716
2012-03-13 09:39:10,goog,33.59,13.78,extra_trees,19.810000000000002,1.2685416326735868,0.5588379465652566
2012-03-15 02:07:35,s,107.5,13.7,extra_trees,93.8,3.3777818018275827,0.7091858976348467
2012-03-16 00:12:56,fslr,-8.49,13.54,extra_trees,-22.03,-0.26750724418337535,0.511295817223957
2012-03-16 01:19:55,goog,30.28,13.54,extra_trees,16.740000000000002,0.9555485566432468,0.5432342847821622
2012-03-16 06:16:11,siri,40.14,13.54,extra_trees,26.6,1.2660815874862434,0.5509613120565252
2012-03-19 03:13:18,whr,51.82,12.21,extra_trees,39.61,1.6200933106080126,0.5100499873940698
2012-03-19 10:55:37,jcp,-54.8,12.21,extra_trees,-67.00999999999999,-1.7471852275382689,0.5091630564965856
2012-03-20 00:42:53,nok,-31.46,13.32,extra_trees,-44.78,-1.011837015289271,0.5213551436205164
2012-03-20 11:47:16,lsi,34.95,13.32,extra_trees,21.630000000000003,1.1270104789452675,0.6027485196667486
2012-03-21 16:29:37,s,117.99,12.54,extra_trees,105.44999999999999,3.3640435157825785,0.7036229542778911
2012-03-22 21:15:42,p,25.59,14.27,extra_trees,11.32,0.7336355240016069,0.5175828830981279
2012-03-23 11:55:17,rsh,11.6,13.9,extra_trees,-2.3000000000000007,0.3301859618966003,0.5077021603764096
2012-03-24 15:41:10,ma,25.25,13.9,extra_trees,11.35,0.727623060124016,0.7241245066383253
2012-03-28 22:01:09,jci,20.62,14.01,extra_trees,6.610000000000001,0.5952695720502097,0.5745559323437227
2012-03-29 20:32:53,sti,20.24,14.21,extra_trees,6.029999999999998,0.5802629734050992,0.5389285479926769
2012-03-31 04:06:25,ea,7.34,13.74,extra_trees,-6.4,0.2096325378482911,0.5448472265969596
2012-04-03 20:21:23,phm,120.02,12.33,extra_trees,107.69,3.0859312107732375,0.5523432516574455
2012-04-04 03:51:40,oi,9.13,13.92,extra_trees,-4.789999999999999,0.23011712396176856,0.5556687654694723
2012-04-05 05:26:08,twx,61.92,13.46,extra_trees,48.46,1.7210324589632529,0.5091719246859461
2012-04-05 17:48:40,twx,61.92,13.46,extra_trees,48.46,1.7671573924451989,0.5107285538471558
2012-04-21 12:27:28,hov,147.24,15.21,extra_trees,132.03,3.5174647720331933,0.6509190248716672
2012-04-21 13:17:23,len,48.84,15.21,extra_trees,33.63,1.2343317295358094,0.5271895634030876
2012-05-01 11:56:52,bac,46.75,14.96,extra_trees,31.79,1.2128310279436179,0.5871560076284855
2012-05-15 15:13:11,aapl,-9.81,27.35,extra_trees,-37.160000000000004,-0.24951318163453884,0.7962858401235201
2012-05-18 20:33:27,goog,51.43,31.53,extra_trees,19.9,1.3090408939922162,0.5617793440624087
2012-05-19 10:36:18,v,69.17,31.53,extra_trees,37.64,1.7480801460781634,0.6051786615270488
2012-05-22 07:39:36,usb,16.85,28.31,extra_trees,-11.459999999999997,0.4194487623256098,0.5011994440000841
2012-05-30 04:19:20,mrk,30.92,28.66,extra_trees,2.2600000000000016,0.7694819346018147,0.551874722607646
2012-06-10 06:27:18,phm,129.84,26.57,extra_trees,103.27000000000001,2.9435309642793213,0.5065326571228665
2012-06-10 08:23:11,hov,176.39,26.57,extra_trees,149.82,3.510831117703341,0.5915697331900589
2012-06-10 08:23:21,dhi,46.12,26.57,extra_trees,19.549999999999997,0.9256027797013242,0.508420770165838
2012-06-14 22:24:52,crm,16.14,24.98,extra_trees,-8.84,0.32523230796401786,0.5697435480618352
2012-06-16 02:22:44,ma,37.98,23.71,extra_trees,14.269999999999996,0.7704763657362621,0.7103316559671815
2012-06-16 02:30:21,wdc,111.96,23.71,extra_trees,88.25,2.237979067980815,0.5089643460494174
2012-06-16 20:05:08,bby,39.22,23.71,extra_trees,15.509999999999998,0.7940987398541638,0.5379381509801476
2012-06-20 09:37:20,s,125.88,19.65,extra_trees,106.22999999999999,2.5377380214202065,0.5912564817258713
2012-06-20 10:12:22,wmt,9.1,19.65,extra_trees,-10.549999999999999,0.18321968157351382,0.607414512455836
2012-06-22 21:56:07,jpm,48.58,21.85,extra_trees,26.729999999999997,1.0077798975011043,0.5470064323590061
2012-06-24 01:52:49,nok,59.66,20.31,extra_trees,39.349999999999994,1.237412795138845,0.5674545268904322
2012-06-29 09:46:31,pfe,26.14,20.5,extra_trees,5.640000000000001,0.533903023848658,0.6036981441322044
2012-06-30 15:50:01,bax,37.26,20.5,extra_trees,16.759999999999998,0.8290828729014171,0.5179882121811039
2012-07-01 05:19:14,bac,58.69,21.21,extra_trees,37.48,1.3070634726248471,0.6410927443027991
2012-07-01 18:29:24,akam,35.34,21.21,extra_trees,14.130000000000003,0.7833052014827879,0.5129245403623218
2012-07-05 00:21:25,stx,90.34,21.84,extra_trees,68.5,2.039935938549713,0.5402060553689884
2012-07-13 03:20:27,znga,-28.57,26.15,extra_trees,-54.72,-0.6372500985183358,0.5930776871347518
2012-07-13 18:44:17,fslr,236.27,26.15,extra_trees,210.12,3.952914920100903,0.5484884333226537
2012-07-14 03:36:27,bac,76.9,26.15,extra_trees,50.75000000000001,1.313203776283364,0.6358916467326853
2012-07-14 05:17:04,gci,94.59,26.15,extra_trees,68.44,1.6311523384532605,0.5847899818088251
2012-07-15 07:47:21,siri,81.82,26.64,extra_trees,55.17999999999999,1.4470431112663809,0.7009757156696352
2012-07-15 20:05:22,etn,84.62,26.64,extra_trees,57.980000000000004,1.656890743981429,0.5036680656762342
2012-07-16 18:22:38,goog,59.95,26.46,extra_trees,33.49,1.1786451629182264,0.6013924244668503
2012-07-17 03:10:14,afl,39.21,25.92,extra_trees,13.29,0.786106640813073,0.5087661000590972
2012-07-17 13:58:10,cbs,66.6,25.92,extra_trees,40.67999999999999,1.3496396240976043,0.5323206200790939
2012-07-22 03:08:59,jci,40.34,26.98,extra_trees,13.360000000000003,0.8270200489031904,0.5414351107344325
2012-07-23 13:13:10,ges,25.2,28.0,extra_trees,-2.8000000000000007,0.5112071356114191,0.540464230316217
2012-07-23 18:32:30,aeo,2.12,28.0,extra_trees,-25.88,0.04310359361888215,0.5458068122772878
2012-07-24 00:16:31,rsh,48.49,28.64,extra_trees,19.85,1.0143305679410533,0.5050095424497589
2012-07-24 09:47:35,crm,32.61,28.64,extra_trees,3.969999999999999,0.6769289409380281,0.5647203655774652
2012-07-25 19:58:45,cf,-4.22,28.92,extra_trees,-33.14,-0.08467892066334745,0.5203966097556995
2012-07-25 23:36:59,p,100.64,28.92,extra_trees,71.72,2.009754673376098,0.516533521141011
2012-07-26 00:41:15,jpm,60.92,26.97,extra_trees,33.95,1.2249128920271224,0.5831170238134555
2012-07-29 03:12:45,ntri,20.87,24.29,extra_trees,-3.419999999999998,0.4121864595079229,0.5847977019712957
2012-08-15 11:02:12,amd,-11.93,20.68,extra_trees,-32.61,-0.2315103954253672,0.5351096211931717
2012-08-18 06:28:42,ma,49.83,19.24,extra_trees,30.59,0.9754733851253987,0.6981084216153991
2012-08-18 18:50:14,crm,19.08,19.24,extra_trees,-0.16000000000000014,0.3710876678472497,0.5507903060971566
2012-08-19 15:42:41,hig,75.02,18.48,extra_trees,56.53999999999999,2.480611588207765,0.5116501717081229
2012-08-21 00:53:18,s,37.01,18.68,extra_trees,18.33,1.247491933234033,0.5739729223594109
2012-08-31 00:07:24,bac,77.41,18.52,extra_trees,58.89,2.7195414665599063,0.509850142681041
2012-09-04 07:05:00,ma,51.95,20.16,extra_trees,31.790000000000003,1.9032785649509856,0.7025030530857107
2012-09-11 09:44:18,stx,40.69,20.34,extra_trees,20.349999999999998,1.5836729232720015,0.5282791194570471
2012-09-11 10:40:30,fslr,81.65,20.34,extra_trees,61.31,3.0388089702754173,0.5030173306163549
2012-09-18 09:52:13,nflx,447.48,20.66,extra_trees,426.82,4.759921457564778,0.5472575392604611
2012-09-20 12:57:29,wfc,25.22,19.55,extra_trees,5.669999999999998,0.2671031170579596,0.5517704642698618
2012-09-21 08:18:43,ges,23.84,19.6,extra_trees,4.239999999999998,0.2517498183954611,0.5102969259926824
2012-09-21 15:21:31,ges,23.84,19.6,extra_trees,4.239999999999998,0.25167498917774195,0.5093540939302452
2012-09-23 14:04:56,ges,23.03,19.04,extra_trees,3.990000000000002,0.24461931329996478,0.5100518022380746
2012-09-23 15:53:29,aapl,-17.11,19.04,extra_trees,-36.15,-0.18075754663996493,0.7843636357366329
2012-09-29 04:29:12,mrk,9.99,19.89,extra_trees,-9.9,0.10499119694680689,0.5049389514796414
2012-10-01 10:48:37,ges,27.29,19.88,extra_trees,7.41,0.28855091978867564,0.5069476740483577
2012-10-05 15:10:26,ipg,51.37,18.1,extra_trees,33.269999999999996,0.545697545761026,0.532299921447993
2012-10-10 18:42:47,fhn,16.92,20.65,extra_trees,-3.729999999999997,0.17886461519487484,0.5218194068934688
2012-10-11 10:08:06,ges,27.92,21.36,extra_trees,6.560000000000002,0.29554456196791545,0.5256170858400647
2012-10-11 20:20:07,aapl,-7.2,21.36,extra_trees,-28.56,-0.0761146838121324,0.7995404243027542
2012-10-13 22:46:13,rsh,50.07,21.76,extra_trees,28.31,0.5293192396337109,0.5306690482416715
2012-10-14 07:23:23,anf,5.51,22.25,extra_trees,-16.740000000000002,0.05804560507015414,0.5105012741118347
2012-10-14 08:11:53,aeo,-35.74,22.25,extra_trees,-57.99,-0.37653536638233936,0.5507496087026424
2012-10-14 22:45:50,wmt,0.9,22.25,extra_trees,-21.35,0.009414181137411968,0.6970804749769889
2012-10-15 09:41:26,amd,46.18,20.36,extra_trees,25.82,0.48395107765027284,0.5546826910604407
2012-10-17 14:04:51,ntri,56.55,21.07,extra_trees,35.48,0.5925710395423252,0.5627629602266403
2012-10-19 19:14:02,wmt,2.55,24.28,extra_trees,-21.73,0.026555278223537662,0.6928544889375949
2012-10-21 05:19:34,aapl,1.12,24.29,extra_trees,-23.169999999999998,0.011633482926545449,0.7972299509261637
2012-10-22 13:56:12,nflx,375.13,24.99,extra_trees,350.14,4.665453389820414,0.5328956132534275
2012-11-01 16:37:56,znga,60.54,26.07,extra_trees,34.47,0.7527949401202108,0.5004451560411206
2012-11-04 01:03:24,fslr,174.31,27.65,extra_trees,146.66,2.0410118375597337,0.604694567473269
2012-11-04 01:53:18,cbg,31.28,27.65,extra_trees,3.6300000000000026,0.36671920814099457,0.5175021748713767
2012-11-04 02:12:01,gme,140.31,27.65,extra_trees,112.66,1.607610953556193,0.5524444962681301
2012-11-04 04:51:47,ges,40.49,27.65,extra_trees,12.840000000000003,0.4660814547971229,0.5501971005992474
2012-11-04 05:06:36,sfly,72.53,27.65,extra_trees,44.88,0.841666148640581,0.5674166815790834
2012-11-04 09:23:02,mgm,88.2,27.65,extra_trees,60.550000000000004,1.0257113927468147,0.5142270712946627
2012-11-04 14:56:54,crm,51.65,27.65,extra_trees,24.0,0.6006727716788938,0.5537733579222754
2012-11-05 11:23:59,psa,21.85,26.98,extra_trees,-5.129999999999999,0.25451060753317234,0.5243217879399882
2012-11-06 16:28:38,slm,45.84,26.64,extra_trees,19.200000000000003,0.535876412546723,0.5986454158351353
2012-11-06 16:53:23,schl,-13.67,26.64,extra_trees,-40.31,-0.16021585736324626,0.5015683501389839
2012-11-07 04:48:54,thc,52.56,27.94,extra_trees,24.62,0.6161770016727864,0.5793961222260032
2012-11-07 15:11:00,anf,2.3,27.94,extra_trees,-25.64,0.026924959272091594,0.5188320565936525
2012-11-10 00:28:49,znga,63.21,31.13,extra_trees,32.08,0.7424579132610708,0.5030445742752485
2012-11-13 14:33:24,dte,20.27,32.29,extra_trees,-12.02,0.2400198832957307,0.507004713914621
2012-11-14 06:23:04,siri,41.06,34.77,extra_trees,6.289999999999999,0.48575175957782774,0.6247924358430804
2012-11-14 06:40:34,hrs,41.55,34.77,extra_trees,6.779999999999994,0.490555215663643,0.5677056310853125
2012-11-14 06:49:06,amd,82.38,34.77,extra_trees,47.60999999999999,0.988096415789359,0.5603055876119343
2012-11-14 15:54:00,nok,195.51,34.77,extra_trees,160.73999999999998,2.2711946628056494,0.644008793967984
2012-11-17 08:51:02,dte,21.89,34.92,extra_trees,-13.030000000000001,0.4210810212527229,0.5028800407261468
2012-11-18 16:58:05,siri,42.35,34.45,extra_trees,7.899999999999999,0.8114495430066451,0.6306049553231772
2012-11-18 17:15:45,hrs,42.53,34.45,extra_trees,8.079999999999998,0.9424477356977417,0.5715663205718637
2012-11-18 19:25:34,amd,86.56,34.45,extra_trees,52.11,1.9127684358546462,0.5728722066761252
2012-11-19 14:01:42,nok,165.31,31.49,extra_trees,133.82,3.450797150099087,0.6436430502378359
2012-11-26 16:03:03,ma,63.56,30.9,extra_trees,32.660000000000004,1.332545650935126,0.6253004930522126
2012-11-27 02:24:44,mar,37.55,31.89,extra_trees,5.659999999999997,0.7841862596910946,0.5136066220670823
2012-11-27 11:04:56,rost,35.82,31.89,extra_trees,3.9299999999999997,0.7519820419276843,0.5021074985010953
2012-12-05 05:50:21,fslr,99.67,29.23,extra_trees,70.44,2.0514825386758684,0.5198553748220288
2012-12-24 00:30:38,gme,105.43,31.1,extra_trees,74.33000000000001,2.1588891359784452,0.6046249922675537
2013-01-16 07:42:48,wmt,13.63,27.95,extra_trees,-14.319999999999999,0.2728852547377577,0.6911421973434154
2013-01-20 19:21:29,nflx,232.8,26.31,extra_trees,206.49,3.7784585409376303,0.5071028084782235
2013-01-20 19:24:10,nok,75.85,26.31,extra_trees,49.53999999999999,1.234545622768263,0.5803976207195419
2013-01-20 19:31:49,aapl,29.07,26.31,extra_trees,2.7600000000000016,0.4838196669608603,0.7385095406262205
2013-01-21 13:19:18,amd,69.51,26.68,extra_trees,42.830000000000005,1.157787850267259,0.5450874832138451
2013-01-22 04:16:14,csco,12.77,26.08,extra_trees,-13.309999999999999,0.2113548744021786,0.5004401098397686
2013-01-23 12:04:31,goog,56.45,24.85,extra_trees,31.6,0.9398128542448418,0.5083952923531839
2013-01-29 18:59:06,siri,14.7,20.09,extra_trees,-5.390000000000001,0.24037556736795299,0.5698964450238319
2013-01-30 10:59:32,wmt,9.8,21.84,extra_trees,-12.04,0.1561171926668724,0.7030880484215292
2013-02-06 13:07:55,expe,0.12,19.78,extra_trees,-19.66,0.002095606666853683,0.5120644191389426
2013-02-06 17:49:15,chrw,-11.08,19.78,extra_trees,-30.86,-0.19203338187158198,0.5649942189096911
2013-02-09 00:59:30,fslr,63.91,20.76,extra_trees,43.14999999999999,1.1105529119295818,0.5493008396595066
2013-02-16 01:09:21,znga,52.19,23.42,extra_trees,28.769999999999996,0.9088782720724842,0.5649904777119175
2013-02-21 06:38:23,crm,50.91,24.72,extra_trees,26.189999999999998,0.890567900799299,0.5019875388910947
2013-03-15 01:14:22,grpn,55.1,20.36,extra_trees,34.74,1.0696295066830166,0.6079744200936369
2013-03-15 01:31:09,nvda,43.83,20.36,extra_trees,23.47,0.8507480273998049,0.5265682431202263
2013-03-15 02:24:36,ma,53.59,20.36,extra_trees,33.230000000000004,1.042961779504906,0.6195199817494811
2013-03-17 22:38:53,dsw,19.4,21.45,extra_trees,-2.0500000000000007,0.3743524456655032,0.5411141549374934
2013-03-30 07:41:32,aeo,-32.48,20.78,extra_trees,-53.26,-0.6388653714108088,0.5295590056813725
2013-03-31 18:22:33,gci,30.36,21.77,extra_trees,8.59,0.6159449591441998,0.5016611976988745
2013-04-05 05:42:38,clf,14.08,22.56,extra_trees,-8.479999999999999,0.2857462738271863,0.5203116457103824
2013-04-05 12:13:03,wfc,37.26,22.56,extra_trees,14.7,1.6612279213305037,0.5290763944287699
2013-04-12 01:52:51,s,32.64,16.61,extra_trees,16.03,1.5964689590523031,0.5702630007764246
2013-04-22 01:02:22,rsh,31.35,22.74,extra_trees,8.610000000000003,1.5352737874154427,0.5584723114645609
2013-04-22 01:30:37,gme,33.68,22.74,extra_trees,10.940000000000001,1.8018073707805544,0.526368780935255
2013-04-22 01:56:15,fslr,83.54,22.74,extra_trees,60.80000000000001,3.9349575409479636,0.5192957611052536
2013-04-22 02:07:08,znga,41.18,22.74,extra_trees,18.44,1.9858065976670691,0.5267067076952927
2013-04-22 02:17:30,grpn,21.11,22.74,extra_trees,-1.629999999999999,1.0325122090639323,0.5263037489356794
2013-04-22 02:26:51,wmt,1.92,22.74,extra_trees,-20.82,0.09124798863140625,0.6865785890514192
2013-04-22 02:34:43,cf,45.08,22.74,extra_trees,22.34,2.3234622532384805,0.5408340170210165
2013-04-22 02:41:06,etfc,122.05,22.74,extra_trees,99.31,4.677635478096313,0.5699419775344826
2013-04-22 02:41:34,hov,-10.92,22.74,extra_trees,-33.66,-0.41093687184883615,0.607313473512756
2013-04-22 02:41:59,mas,17.65,22.74,extra_trees,-5.09,0.6560565527769004,0.564038080426895
2013-04-22 03:09:54,ipg,30.61,22.74,extra_trees,7.870000000000001,1.1417704897467589,0.5049590467968945
2013-04-22 03:35:20,nok,137.14,22.74,extra_trees,114.39999999999999,3.9525184526852124,0.6454289024998338
2013-04-22 18:49:03,aiz,44.32,22.74,extra_trees,21.580000000000002,1.2772922065860928,0.508861584937693
2013-04-23 03:01:29,aapl,54.4,21.2,extra_trees,33.2,1.5671321434714311,0.7223693551693109
2013-04-23 03:16:36,pnr,44.73,21.2,extra_trees,23.529999999999998,1.3039849952110814,0.5382634500739205
2013-04-23 03:29:21,stx,55.75,21.2,extra_trees,34.55,1.6248918155832168,0.5164312324932339
2013-04-23 03:43:51,trow,8.62,21.2,extra_trees,-12.58,0.24547171469874426,0.5178504770334375
2013-04-23 14:51:25,wynn,67.11,21.2,extra_trees,45.91,1.9292201171340113,0.5483519767921317
2013-04-23 17:01:02,clf,8.27,21.2,extra_trees,-12.93,0.23125068116480535,0.5043891521194243
2013-04-23 20:34:55,siri,1.93,21.2,extra_trees,-19.27,0.05224325172408554,0.5860030460219263
2013-04-25 00:09:21,ma,36.63,19.89,extra_trees,16.740000000000002,0.9934037655893542,0.6077420549957538
2013-04-25 02:13:39,ma,36.63,19.89,extra_trees,16.740000000000002,0.9943410679820279,0.6077420549957538
2013-04-25 02:27:46,sfly,-13.66,19.89,extra_trees,-33.55,-0.37790841729008784,0.7153704383087809
2013-04-25 03:46:03,gci,37.39,19.89,extra_trees,17.5,1.0343110653634016,0.5178536503859699
2013-04-25 05:44:22,flws,-1.06,19.89,extra_trees,-20.95,-0.028676565825493952,0.6124606200360591
2013-04-25 08:37:05,stx,49.63,19.89,extra_trees,29.740000000000002,1.3791617100766183,0.5210405666500773
2013-04-25 09:26:53,cf,34.49,19.89,extra_trees,14.600000000000001,0.9579726878301779,0.5383874739557418
2013-04-25 16:49:59,siri,0.0,19.89,extra_trees,-19.89,0.0,0.5854896699921491
2013-04-25 16:53:28,etfc,118.11,19.89,extra_trees,98.22,3.2718207578732628,0.5689011894555347
2013-04-25 19:10:01,lm,48.88,19.89,extra_trees,28.990000000000002,1.3669050774164517,0.5679177313230303
2013-04-25 19:57:08,vrsn,2.28,19.89,extra_trees,-17.61,0.06202481932137887,0.5303082538778682
2013-04-26 03:38:02,s,9.83,20.1,extra_trees,-10.270000000000001,0.33509056151244593,0.5686535060243217
2013-04-26 07:09:40,hov,-22.05,20.1,extra_trees,-42.150000000000006,-0.7517098670153113,0.6047823488533257
2013-04-26 11:30:26,ntri,84.56,20.1,extra_trees,64.46000000000001,2.7077955909996105,0.6493093713250386
2013-05-08 21:34:35,wmt,3.05,17.22,extra_trees,-14.169999999999998,0.09571773013484264,0.6780777483089526
2013-05-09 12:44:00,pnr,36.33,17.72,extra_trees,18.61,1.1571897017796322,0.5165832229934316
2013-05-09 23:00:31,mac,-1.53,17.72,extra_trees,-19.25,-0.04826516196482267,0.5763548196336407
2013-05-09 23:54:58,bsx,53.37,17.72,extra_trees,35.65,1.7210581010462176,0.5043707029017129
2013-05-10 12:59:12,aeo,-39.71,17.34,extra_trees,-57.05,-1.2957616877220846,0.5148362394046719
2013-05-10 13:24:23,swn,22.01,17.34,extra_trees,4.670000000000002,0.7350065152686543,0.5712825188885979
2013-05-11 10:25:56,grpn,-3.2,17.34,extra_trees,-20.54,-0.1044682302846088,0.5208889502908283
2013-05-11 18:05:13,mas,-5.94,17.34,extra_trees,-23.28,-0.19103494507371374,0.5428489277669674
2013-05-11 18:45:58,ges,-1.37,17.34,extra_trees,-18.71,-0.043438929316398645,0.5427315923319846
2013-05-12 20:12:09,big,5.62,18.48,extra_trees,-12.86,0.17629630199367913,0.5089434649713563
2013-05-12 21:34:26,see,48.45,18.48,extra_trees,29.970000000000002,1.5333858895996524,0.5663351597853835
2013-05-12 22:40:23,thc,-8.38,18.48,extra_trees,-26.86,-0.26551516861193486,0.5502554119245946
2013-05-13 14:33:18,sks,-50.99,18.5,extra_trees,-69.49000000000001,-1.5950421451488537,0.5066774824903763
2013-05-13 15:24:02,dsw,2.22,18.5,extra_trees,-16.28,0.06966206872458795,0.5762708088857195
2013-05-13 22:03:23,bby,5.15,18.5,extra_trees,-13.35,0.21259848097336065,0.5062194822863538
2013-05-15 12:09:53,p,42.61,15.08,extra_trees,27.53,1.7823574526647572,0.5247701447851268
2013-05-15 12:12:56,fhn,0.95,15.08,extra_trees,-14.13,0.039637305136152545,0.5651496838122317
2013-05-16 23:05:40,nok,96.21,16.03,extra_trees,80.17999999999999,3.332434059343289,0.5806575690460177
2013-05-16 23:28:32,aapl,63.08,16.03,extra_trees,47.05,2.1053853383329963,0.6977990344192737
2013-05-21 06:58:47,gme,3.3,15.42,extra_trees,-12.120000000000001,0.12047166198362609,0.5510335633769823
2013-05-21 08:39:05,lsi,10.91,15.42,extra_trees,-4.51,0.4022741195888315,0.6014653638390907
2013-05-23 20:11:38,nfx,43.02,17.37,extra_trees,25.650000000000002,1.5753824356622257,0.5583810269932251
2013-05-23 20:34:05,wtw,-52.13,17.37,extra_trees,-69.5,-1.9078714207731633,0.5191119699211104
2013-06-26 13:46:05,ter,12.21,24.44,extra_trees,-12.23,0.45470177431331316,0.6133320873521152
2013-07-05 14:15:42,qep,15.35,23.97,extra_trees,-8.62,0.5739529056302175,0.5749273652431605
2013-08-07 10:10:37,bks,22.33,15.13,extra_trees,7.1999999999999975,0.8349915829354279,0.5265250295970116
2013-08-11 02:30:32,aapl,68.15,16.71,extra_trees,51.440000000000005,2.4412448768762003,0.5578496682469771
2013-09-02 11:16:26,wmt,6.42,24.99,extra_trees,-18.57,0.23013726520846503,0.702426312878678
2012-01-01 09:11:12,bac,109.83,15.99,random_forest,93.84,,0.7563941658764001
2012-01-01 09:11:12,c,50.55,15.99,random_forest,34.559999999999995,1.2059462816794864,0.5190149315199987
2012-01-01 09:30:57,ge,21.59,15.99,random_forest,5.6,0.47999317909856004,0.5372053792058358
2012-01-01 10:02:29,s,142.31,15.99,random_forest,126.32000000000001,2.5914818248101006,0.8525078396169
2012-01-01 17:41:35,dal,46.72,15.99,random_forest,30.729999999999997,0.9348322729027516,0.5494365117994257
2012-01-01 20:57:00,aeo,47.5,15.99,random_forest,31.509999999999998,1.032373120932386,0.706690233403814
2012-01-01 23:06:14,wfc,27.35,15.99,random_forest,11.360000000000001,0.6083848094481801,0.8546560206282066
2012-01-01 23:13:40,abt,24.6,15.99,random_forest,8.610000000000001,0.5609361469205787,0.5548312897781207
2012-01-01 23:13:40,wdc,39.07,15.99,random_forest,23.08,0.9403807692234543,0.6133684040532904
2012-01-02 04:15:13,pfe,20.43,15.99,random_forest,4.4399999999999995,0.5006387955736903,0.8177894855872284
2012-01-02 08:04:30,unp,23.84,15.99,random_forest,7.85,0.6005156647719713,0.5284287155021318
2012-01-02 19:36:41,v,54.05,15.99,random_forest,38.059999999999995,1.4273707254906196,0.7938860936933946
2012-01-02 19:39:36,aig,52.16,15.99,random_forest,36.169999999999995,1.438613409729541,0.5531008268862975
2012-01-03 13:31:10,jpm,32.38,17.1,random_forest,15.280000000000001,0.9204165961562688,0.6816617856269204
2012-01-03 13:50:51,dis,35.43,17.1,random_forest,18.33,1.0392189497997208,0.5957967940438991
2012-01-03 19:26:58,sti,59.3,17.1,random_forest,42.199999999999996,1.7944172117197768,0.5730411561465107
2012-01-07 09:19:59,wmt,19.93,17.15,random_forest,2.780000000000001,0.608079739220941,0.755152448060888
2012-01-07 14:19:13,hd,49.45,17.15,random_forest,32.300000000000004,1.555024962665473,0.5055420803212233
2012-01-08 08:59:52,aapl,32.06,16.83,random_forest,15.230000000000004,1.0305805745424172,0.9224575557986077
2012-01-13 03:10:55,ea,-21.06,16.68,random_forest,-37.739999999999995,-0.6833287520513608,0.531118325363891
2012-01-14 11:04:15,wmt,18.11,16.68,random_forest,1.4299999999999997,0.6616342396718556,0.7279063213407362
2012-01-15 06:54:17,ebay,73.68,16.6,random_forest,57.080000000000005,2.60585457690711,0.5008386333733457
2012-01-18 22:16:00,oke,7.57,15.69,random_forest,-8.12,0.26126943658152724,0.5414693253128698
2012-01-24 22:16:47,dfs,41.15,16.14,random_forest,25.009999999999998,2.4765316553331362,0.5532910334075894
2012-01-27 14:56:29,mrk,17.54,16.51,random_forest,1.0299999999999976,1.0360143048713006,0.6059241537622045
2012-01-28 00:34:11,ma,52.83,16.51,random_forest,36.31999999999999,3.075041059952108,0.8335979431934026
2012-01-28 06:06:40,ivz,26.06,16.51,random_forest,9.549999999999997,1.5139479435159855,0.5423249063621846
2012-01-28 06:09:47,dlph,44.59,16.51,random_forest,28.080000000000002,2.599130363390812,0.6454284786183537
2012-01-28 06:10:10,mpc,87.8,16.51,random_forest,71.28999999999999,4.240900070229054,0.7163115211874336
2012-01-28 15:14:39,ivz,26.06,16.51,random_forest,9.549999999999997,1.2723346092207082,0.5423249063621846
2012-01-28 15:18:06,dlph,44.59,16.51,random_forest,28.080000000000002,2.2062641452644023,0.6482733810156828
2012-01-28 15:18:37,mpc,87.8,16.51,random_forest,71.28999999999999,3.8648670428763894,0.7163115211874336
2012-01-29 10:20:33,dfs,41.94,16.37,random_forest,25.569999999999997,1.8574736548621331,0.5713383151880894
2012-01-30 04:34:27,pfe,33.38,17.23,random_forest,16.150000000000002,1.4796007903498594,0.7828343967601227
2012-02-01 09:42:38,dfs,40.17,15.51,random_forest,24.660000000000004,1.7834919628896078,0.6140252563670293
2012-02-01 18:13:31,hov,126.59,15.51,random_forest,111.08,4.312875200887264,0.6651141169611102
2012-02-03 03:48:15,dfs,39.16,14.91,random_forest,24.249999999999996,1.3592345827643921,0.5783651204621761
2012-02-04 03:41:42,goog,30.06,14.91,random_forest,15.149999999999999,1.036592425737296,0.5460323904097878
2012-02-04 11:55:01,dfs,39.16,14.91,random_forest,24.249999999999996,1.3559389466918865,0.578144301186511
2012-02-06 16:16:09,dfs,40.58,14.84,random_forest,25.74,1.4311391166995506,0.5703920619273641
2012-02-11 00:32:10,dfs,43.24,15.49,random_forest,27.75,1.566457398049576,0.5656453027464152
2012-02-13 01:32:02,dfs,39.33,14.8,random_forest,24.529999999999998,1.4604735409910106,0.5471049770928623
2012-02-17 07:08:15,dfs,34.14,13.98,random_forest,20.16,1.3344956302924242,0.5392780665800541
2012-02-20 00:36:36,dfs,35.44,14.84,random_forest,20.599999999999998,1.3800169497360526,0.5324747236706783
2012-02-24 14:56:40,dfs,30.38,13.39,random_forest,16.99,1.2117381951876756,0.5345412520861321
2012-02-26 11:45:56,dfs,27.2,11.23,random_forest,15.969999999999999,1.0700558234535624,0.5362706588572683
2012-02-29 05:10:45,gci,42.76,13.1,random_forest,29.659999999999997,1.7100794096023135,0.5061165021352533
2012-02-29 09:00:05,dfs,29.95,13.1,random_forest,16.85,1.1845896187297875,0.5424079308555997
2012-03-01 09:23:44,dfs,28.97,12.89,random_forest,16.08,1.2315469270197512,0.5329634169332381
2012-03-02 20:56:30,abt,28.73,13.23,random_forest,15.5,1.2262485164390677,0.5419025159362979
2012-03-04 13:38:54,dfs,31.81,13.84,random_forest,17.97,1.3500231736253967,0.542836418786223
2012-03-06 03:43:58,sfly,54.42,17.2,random_forest,37.22,2.5600575405997343,0.7156063914082946
2012-03-06 19:42:19,v,44.83,17.2,random_forest,27.63,2.107187563125581,0.6890525271318023
2012-03-07 17:08:49,fslr,1.16,16.6,random_forest,-15.440000000000001,0.05036730505192933,0.511205251722137
2012-03-09 07:00:14,wfc,18.73,15.5,random_forest,3.2300000000000004,0.7974377561227425,0.6232907630901435
2012-03-09 07:22:13,usb,18.0,15.5,random_forest,2.5,1.5641691609472657,0.505920462898324
2012-03-09 14:15:49,fhn,10.89,15.5,random_forest,-4.609999999999999,0.8782087951988096,0.5080427605997829
2012-03-09 20:40:39,wfc,18.73,15.5,random_forest,3.2300000000000004,1.4720736761090611,0.6212758838705242
2012-03-09 23:59:18,zion,33.49,15.5,random_forest,17.990000000000002,2.659447655250131,0.6374440902314764
2012-03-10 07:53:56,aig,40.11,15.5,random_forest,24.61,3.1899824668317374,0.5125292155820064
2012-03-11 04:48:46,all,54.38,15.93,random_forest,38.45,4.063329530651829,0.5074861846093787
2012-03-11 13:28:28,pfe,36.43,15.93,random_forest,20.5,2.7379522758602493,0.7192336689139253
2012-03-12 14:42:43,s,117.65,15.67,random_forest,101.98,5.002559219492626,0.72002012011159
2012-03-13 08:47:34,fslr,-1.54,13.78,random_forest,-15.32,-0.06236763786686999,0.5150143333303707
2012-03-15 02:07:35,s,107.5,13.7,random_forest,93.8,3.6203469245717104,0.7108364234896745
2012-03-16 00:12:56,fslr,-8.49,13.54,random_forest,-22.03,-0.28002692712550087,0.5036027557064298
2012-03-16 06:16:11,siri,40.14,13.54,random_forest,26.6,1.3249550512379147,0.5750069200718989
2012-03-18 08:32:39,gt,10.28,12.91,random_forest,-2.630000000000001,0.33347504941679706,0.5265271081648306
2012-03-20 11:47:16,lsi,34.95,13.32,random_forest,21.630000000000003,1.1350681344577063,0.6479410785245315
2012-03-21 16:29:37,s,117.99,12.54,random_forest,105.44999999999999,3.2956195281504406,0.7044135001656735
2012-03-24 15:41:10,ma,25.25,13.9,random_forest,11.35,0.7031141331290827,0.7928390732165048
2012-03-24 20:52:28,mrk,20.15,13.9,random_forest,6.249999999999998,0.5598427353511386,0.5179901566152952
2012-03-24 22:56:43,low,25.54,13.9,random_forest,11.639999999999999,0.7082843592537126,0.5560820840290926
2012-03-28 22:01:09,jci,20.62,14.01,random_forest,6.610000000000001,0.5842450817496617,0.5452188574853569
2012-03-30 03:54:23,mrk,19.74,13.74,random_forest,5.999999999999998,0.5597613204529374,0.5036833757633368
2012-03-31 04:06:25,ea,7.34,13.74,random_forest,-6.4,0.20581542131477867,0.5783241879997766
2012-04-03 20:21:23,phm,120.02,12.33,random_forest,107.69,3.0378043513194126,0.5768721095681741
2012-04-20 13:41:10,low,22.86,15.21,random_forest,7.649999999999999,0.580412546211334,0.5367809841395754
2012-04-21 12:27:28,hov,147.24,15.21,random_forest,132.03,3.227173280132445,0.6384416202092746
2012-05-01 11:56:52,bac,46.75,14.96,random_forest,31.79,1.025628804793702,0.5434004646302856
2012-05-15 15:13:11,aapl,-9.81,27.35,random_forest,-37.160000000000004,-0.21142420754415592,0.8052597587584295
2012-05-19 10:36:18,v,69.17,31.53,random_forest,37.64,1.4848540713899492,0.7711414763589475
2012-05-30 04:19:20,mrk,30.92,28.66,random_forest,2.2600000000000016,0.7063437780638765,0.5394043987762932
2012-06-10 06:27:18,phm,129.84,26.57,random_forest,103.27000000000001,2.7926889370361843,0.549162848161115
2012-06-10 08:23:11,hov,176.39,26.57,random_forest,149.82,3.3271973866200866,0.6310063907800637
2012-06-10 08:23:21,dhi,46.12,26.57,random_forest,19.549999999999997,0.8875159281350723,0.5137189227974024
2012-06-16 02:22:44,ma,37.98,23.71,random_forest,14.269999999999996,0.7303520965616541,0.7715971700858664
2012-06-20 09:37:20,s,125.88,19.65,random_forest,106.22999999999999,2.371845160103952,0.656025232592266
2012-06-20 10:04:58,low,41.85,19.65,random_forest,22.200000000000003,0.7909425587542334,0.5060136315428427
2012-06-20 10:12:22,wmt,9.1,19.65,random_forest,-10.549999999999999,0.17348106760403365,0.5942444506871505
2012-06-22 21:56:07,jpm,48.58,21.85,random_forest,26.729999999999997,0.9346260850950527,0.5021987334604682
2012-06-24 01:52:49,nok,59.66,20.31,random_forest,39.349999999999994,1.1648430750941803,0.5821486481895047
2012-06-29 09:46:31,pfe,26.14,20.5,random_forest,5.640000000000001,0.5105841184014497,0.6278808654831537
2012-06-30 15:50:01,bax,37.26,20.5,random_forest,16.759999999999998,0.7355146223003403,0.5367634969850812
2012-07-01 05:19:14,bac,58.69,21.21,random_forest,37.48,1.1798396729075233,0.5565891926203402
2012-07-01 18:29:24,akam,35.34,21.21,random_forest,14.130000000000003,0.7288755573564477,0.551026720780824
2012-07-03 06:05:07,dsw,43.64,19.99,random_forest,23.650000000000002,0.932106078048582,0.7768217473377339
2012-07-13 03:20:27,znga,-28.57,26.15,random_forest,-54.72,-0.61314073802146,0.5507251900766509
2012-07-13 18:44:17,fslr,236.27,26.15,random_forest,210.12,4.0634201567655195,0.5747065281725432
2012-07-14 03:36:27,bac,76.9,26.15,random_forest,50.75000000000001,1.324923884066434,0.5501192648787329
2012-07-14 05:17:04,gci,94.59,26.15,random_forest,68.44,1.6661335602188547,0.5507913342172444
2012-07-15 07:47:21,siri,81.82,26.64,random_forest,55.17999999999999,1.43985137673767,0.583091564781645
2012-07-16 18:22:38,goog,59.95,26.46,random_forest,33.49,1.0685051771725884,0.5516188106207808
2012-07-22 03:08:59,jci,40.34,26.98,random_forest,13.360000000000003,0.7352318968932087,0.5051953580681454
2012-07-23 08:11:34,low,78.1,28.0,random_forest,50.099999999999994,1.602704983494617,0.5042058320292718
2012-07-23 18:32:30,aeo,2.12,28.0,random_forest,-25.88,0.041972583672510395,0.6379900745126474
2012-07-24 00:16:31,rsh,48.49,28.64,random_forest,19.85,0.9638278849657823,0.5268363994476509
2012-07-25 19:58:45,cf,-4.22,28.92,random_forest,-33.14,-0.08527826620784262,0.5213368330213202
2012-07-27 04:31:55,mpc,56.33,24.67,random_forest,31.659999999999997,1.1407591715083283,0.6416451385370018
2012-08-15 11:02:12,amd,-11.93,20.68,random_forest,-32.61,-0.24227842908571223,0.5129764501352595
2012-08-18 06:28:42,ma,49.83,19.24,random_forest,30.59,1.0121640705137236,0.7501779933345516
2012-08-21 00:53:18,s,37.01,18.68,random_forest,18.33,0.7489623348605464,0.5923645869952218
2012-08-31 00:07:24,bac,77.41,18.52,random_forest,58.89,1.575050736887814,0.5620693178573584
2012-09-01 13:32:36,low,63.73,18.52,random_forest,45.209999999999994,1.3028118169177225,0.5357629335244853
2012-09-04 07:05:00,ma,51.95,20.16,random_forest,31.790000000000003,1.0614031771188657,0.7489889469177785
2012-09-11 10:40:30,fslr,81.65,20.34,random_forest,61.31,1.6709160205246798,0.564658030967169
2012-09-18 09:52:13,nflx,447.48,20.66,random_forest,426.82,4.5216397380970745,0.5308824504490607
2012-09-23 15:49:47,low,59.34,19.04,random_forest,40.300000000000004,0.6034400710388323,0.5451457989915963
2012-09-23 15:53:29,aapl,-17.11,19.04,random_forest,-36.15,-0.1852022162660137,0.7860056076434301
2012-10-10 18:42:47,fhn,16.92,20.65,random_forest,-3.729999999999997,0.18156723393725877,0.5155249691843744
2012-10-11 19:13:31,low,61.4,21.36,random_forest,40.04,0.6601826043407961,0.5115155882555591
2012-10-11 20:20:07,aapl,-7.2,21.36,random_forest,-28.56,-0.07668844788524591,0.7762617770432328
2012-10-13 22:46:13,rsh,50.07,21.76,random_forest,28.31,0.5330411609636995,0.58188338452435
2012-10-14 08:11:53,aeo,-35.74,22.25,random_forest,-57.99,-0.3802246511021334,0.60965097728123
2012-10-14 22:45:50,wmt,0.9,22.25,random_forest,-21.35,0.009481602789139886,0.588005111897374
2012-10-15 09:41:26,amd,46.18,20.36,random_forest,25.82,0.49108211167279,0.5624027091762405
2012-10-19 19:14:02,wmt,2.55,24.28,random_forest,-21.73,0.026864137958380486,0.5803311827396384
2012-10-20 15:20:52,flws,50.57,24.28,random_forest,26.29,0.5375346363140432,0.5469286203773902
2012-10-21 05:19:34,aapl,1.12,24.29,random_forest,-23.169999999999998,0.01178510441128915,0.7858696094087788
2012-10-22 13:56:12,nflx,375.13,24.99,random_forest,350.14,3.1879189210978014,0.5070390120527615
2012-11-01 16:37:56,znga,60.54,26.07,random_forest,34.47,0.5149353527726487,0.505407364278175
2012-11-04 01:03:24,fslr,174.31,27.65,random_forest,146.66,1.4636026172672778,0.539743448022844
2012-11-04 04:50:38,jci,37.37,27.65,random_forest,9.719999999999999,0.31258897065191565,0.5161477884204161
2012-11-04 04:51:47,ges,40.49,27.65,random_forest,12.840000000000003,0.3378386780112847,0.5042160447365722
2012-11-04 05:06:36,sfly,72.53,27.65,random_forest,44.88,0.6060495871275333,0.5908484388658568
2012-11-04 18:00:37,zion,33.09,27.65,random_forest,5.440000000000005,0.2753502514859082,0.55570507106669
2012-11-05 11:23:59,psa,21.85,26.98,random_forest,-5.129999999999999,0.2609095170699737,0.536207925938933
2012-11-06 16:28:38,slm,45.84,26.64,random_forest,19.200000000000003,0.547079356498375,0.5161359644732202
2012-11-10 00:28:49,znga,63.21,31.13,random_forest,32.08,0.7592622371119484,0.5020606050688158
2012-11-14 06:49:06,amd,82.38,34.77,random_forest,47.60999999999999,0.9954016617379936,0.6179751534710854
2012-11-18 19:25:34,amd,86.56,34.45,random_forest,52.11,1.0438468154142582,0.6283643058010104
2012-11-26 16:03:03,ma,63.56,30.9,random_forest,32.660000000000004,0.7767418777198362,0.724366663092353
2012-12-05 05:50:21,fslr,99.67,29.23,random_forest,70.44,1.2149858614883937,0.541136755034992
2012-12-24 00:30:38,gme,105.43,31.1,random_forest,74.33000000000001,1.285787291775859,0.5596624106349357
2013-01-16 07:42:48,wmt,13.63,27.95,random_forest,-14.319999999999999,0.16733454935654288,0.6110100377581323
2013-01-20 19:31:49,aapl,29.07,26.31,random_forest,2.7600000000000016,0.3551711958245189,0.7546782957045816
2013-01-21 13:19:18,amd,69.51,26.68,random_forest,42.830000000000005,0.8670426262010965,0.6038246073666131
2013-01-30 10:59:32,wmt,9.8,21.84,random_forest,-12.04,0.1204420133164181,0.6103226340546023
2013-02-06 14:17:05,ea,56.75,19.78,random_forest,36.97,0.7123274754231151,0.5017675491305357
2013-02-09 00:59:30,fslr,63.91,20.76,random_forest,43.14999999999999,1.6933790738989867,0.5100195853068731
2013-02-16 01:09:21,znga,52.19,23.42,random_forest,28.769999999999996,1.380755929983863,0.6051304997513074
2013-03-15 01:14:22,grpn,55.1,20.36,random_forest,34.74,2.0561559348471072,0.6820632900544931
2013-03-15 02:24:36,ma,53.59,20.36,random_forest,33.230000000000004,2.02406909145962,0.7160156489534475
2013-03-17 22:38:53,dsw,19.4,21.45,random_forest,-2.0500000000000007,0.7048883099195848,0.663300781178171
2013-03-30 07:41:32,aeo,-32.48,20.78,random_forest,-53.26,-1.1757430828827098,0.5821937605930151
2013-04-06 07:44:32,x,62.12,22.56,random_forest,39.56,2.276058374044431,0.5660324231812054
2013-04-12 01:52:51,s,32.64,16.61,random_forest,16.03,1.2216421137441484,0.5049301375345102
2013-04-22 01:02:22,rsh,31.35,22.74,random_forest,8.610000000000003,1.153941269071397,0.5492724164045331
2013-04-22 01:30:23,ea,62.73,22.74,random_forest,39.989999999999995,2.309687683804195,0.5223580016154474
2013-04-22 01:30:37,gme,33.68,22.74,random_forest,10.940000000000001,1.2629048334505402,0.5230636047463296
2013-04-22 01:56:15,fslr,83.54,22.74,random_forest,60.80000000000001,3.1562094743210705,0.5315829349994845
2013-04-22 02:07:08,znga,41.18,22.74,random_forest,18.44,1.559547135645896,0.5872288623303543
2013-04-22 02:17:30,grpn,21.11,22.74,random_forest,-1.629999999999999,0.8630493577195864,0.6496196647038758
2013-04-22 02:26:51,wmt,1.92,22.74,random_forest,-20.82,0.08660626432533362,0.5914028898273647
2013-04-22 02:34:43,cf,45.08,22.74,random_forest,22.34,2.126556451554123,0.5190670286420765
2013-04-22 02:41:06,etfc,122.05,22.74,random_forest,99.31,4.466470170344225,0.5143133373022306
2013-04-22 02:41:34,hov,-10.92,22.74,random_forest,-33.66,-0.39033954314211255,0.6467198019839986
2013-04-22 02:43:35,amd,74.8,22.74,random_forest,52.06,2.720559911215587,0.5509868865925149
2013-04-22 03:29:59,x,66.44,22.74,random_forest,43.7,2.394743497932292,0.57731474326096
2013-04-22 08:22:07,aiv,1.27,22.74,random_forest,-21.47,0.04322950173434321,0.5428758692732221
2013-04-23 03:01:29,aapl,54.4,21.2,random_forest,33.2,1.8497121813582675,0.703122641799892
2013-04-23 03:43:51,trow,8.62,21.2,random_forest,-12.58,0.2834284835110183,0.5130284585464401
2013-04-25 00:09:21,ma,36.63,19.89,random_forest,16.740000000000002,1.2074025784166453,0.6946683618849087
2013-04-25 02:13:39,ma,36.63,19.89,random_forest,16.740000000000002,1.2250729274369303,0.6946683618849087
2013-04-25 02:27:46,sfly,-13.66,19.89,random_forest,-33.55,-0.4473197407816429,0.7640947251924035
2013-04-25 05:44:22,flws,-1.06,19.89,random_forest,-20.95,-0.03369104904627463,0.5863638462586271
2013-04-25 09:26:53,cf,34.49,19.89,random_forest,14.600000000000001,1.096820406802426,0.5243085618355452
2013-04-25 16:53:28,etfc,118.11,19.89,random_forest,98.22,3.2826022826163337,0.5081833381404008
2013-04-25 19:59:10,dal,122.99,19.89,random_forest,103.1,3.076020356184557,0.538035562081263
2013-04-26 07:09:40,hov,-22.05,20.1,random_forest,-42.150000000000006,-0.5476593666755497,0.6471149622361314
2013-04-26 11:30:26,ntri,84.56,20.1,random_forest,64.46000000000001,2.0975798975308875,0.6095377947653577
2013-05-05 19:05:15,flir,44.1,19.12,random_forest,24.98,1.0942813409726417,0.5367936758799694
2013-05-08 21:34:35,wmt,3.05,17.22,random_forest,-14.169999999999998,0.07423948891296438,0.5829990834663823
2013-05-09 21:01:37,ea,62.29,17.72,random_forest,44.57,1.559493585978708,0.5049733104372348
2013-05-10 05:43:27,znga,7.74,17.34,random_forest,-9.6,0.18899313248561694,0.6282588635863545
2013-05-10 12:59:12,aeo,-39.71,17.34,random_forest,-57.05,-1.0769472071732522,0.6026483842291644
2013-05-11 10:25:56,grpn,-3.2,17.34,random_forest,-20.54,-0.0858931540141658,0.6494325575634848
2013-05-12 08:43:13,gt,90.4,18.48,random_forest,71.92,2.370465011842155,0.5414005368998546
2013-05-13 15:24:02,dsw,2.22,18.5,random_forest,-16.28,0.05733540699243494,0.6101473288608031
2013-05-14 20:29:12,aiv,-1.43,16.73,random_forest,-18.16,-0.036940154967107806,0.5132350653736945
2013-05-15 12:12:56,fhn,0.95,15.08,random_forest,-14.13,0.024077062441526156,0.5078874751727802
2013-05-16 23:28:32,aapl,63.08,16.03,random_forest,47.05,1.6052500063173403,0.7065001823771252
2013-05-21 06:58:47,gme,3.3,15.42,random_forest,-12.120000000000001,0.08225604913369482,0.5351619293984987
2013-05-21 08:39:05,lsi,10.91,15.42,random_forest,-4.51,0.26894321076791894,0.6083426430085328
2013-05-22 23:12:01,rsh,39.27,16.56,random_forest,22.710000000000004,0.9765963420497719,0.5247153960628855
2013-06-26 13:46:05,ter,12.21,24.44,random_forest,-12.23,0.3071670983012214,0.616007888974421
2013-06-27 14:49:04,wpx,19.46,23.96,random_forest,-4.5,0.4868930167794791,0.5008946893457453
2013-09-02 11:16:26,wmt,6.42,24.99,random_forest,-18.57,0.17986388204284282,0.6136978618815517
2012-01-01 09:11:12,bac,109.83,15.99,gradient_boosting,93.84,,0.5920950712178559
2012-01-01 09:30:57,ge,21.59,15.99,gradient_boosting,5.6,0.3460207480919665,0.5804103391998752
2012-01-01 10:02:29,s,142.31,15.99,gradient_boosting,126.32000000000001,2.2780748211899633,0.622058847278912
2012-01-01 23:06:14,wfc,27.35,15.99,gradient_boosting,11.360000000000001,0.4544338125384899,0.5316655946517881
2012-01-02 04:15:13,pfe,20.43,15.99,gradient_boosting,4.4399999999999995,0.35466712980220433,0.5911188699450988
2012-01-02 19:36:41,v,54.05,15.99,gradient_boosting,38.059999999999995,1.045622744392998,0.7611924818456658
2012-01-02 19:39:36,aig,52.16,15.99,gradient_boosting,36.169999999999995,1.1015299251642225,0.5475701481751736
2012-01-07 09:19:59,wmt,19.93,17.15,gradient_boosting,2.780000000000001,0.4314476855374486,0.6269156010560823
2012-01-08 08:59:52,aapl,32.06,16.83,gradient_boosting,15.230000000000004,0.7296655114700883,0.8305368348382144
2012-01-08 14:45:10,ge,17.54,16.83,gradient_boosting,0.7100000000000009,0.40846808282399805,0.5804103391998752
2012-01-14 11:04:15,wmt,18.11,16.68,gradient_boosting,1.4299999999999997,0.4328628755957478,0.6269156010560823
2012-01-17 02:03:48,ge,16.92,16.21,gradient_boosting,0.7100000000000009,0.4145460733297526,0.5804103391998752
2012-01-28 00:34:11,ma,52.83,16.51,gradient_boosting,36.31999999999999,1.349470587896532,0.7650820254196081
2012-01-28 06:09:47,dlph,44.59,16.51,gradient_boosting,28.080000000000002,1.1854941586094483,0.6425929363740355
2012-01-28 06:10:10,mpc,87.8,16.51,gradient_boosting,71.28999999999999,2.3170094229609135,0.581637491408153
2012-01-28 12:10:07,mnst,-13.12,16.51,gradient_boosting,-29.630000000000003,-0.3487197545375807,0.5957811790022246
2012-01-28 15:18:06,dlph,44.59,16.51,gradient_boosting,28.080000000000002,1.2240057336275127,0.6425929363740355
2012-01-28 15:18:37,mpc,87.8,16.51,gradient_boosting,71.28999999999999,2.391402481245861,0.581637491408153
2012-01-30 04:34:27,pfe,33.38,17.23,gradient_boosting,16.150000000000002,0.9314513388994289,0.5474813164845462
2012-02-01 18:13:31,hov,126.59,15.51,gradient_boosting,111.08,3.23424924043408,0.5496742128749464
2012-03-03 16:00:44,hpq,-18.16,13.23,gradient_boosting,-31.39,-0.4878083570494933,0.5357378666691854
2012-03-06 03:43:58,sfly,54.42,17.2,gradient_boosting,37.22,1.4792169668523654,0.5460276947608405
2012-03-06 19:42:19,v,44.83,17.2,gradient_boosting,27.63,1.5260253994978277,0.7199282605537219
2012-03-09 14:15:49,fhn,10.89,15.5,gradient_boosting,-4.609999999999999,0.36214684033305583,0.5096447229247104
2012-03-10 07:53:56,aig,40.11,15.5,gradient_boosting,24.61,1.3537470334963952,0.5416288816930636
2012-03-11 13:28:28,pfe,36.43,15.93,gradient_boosting,20.5,1.232393724364134,0.5270852308674349
2012-03-20 00:42:53,nok,-31.46,13.32,gradient_boosting,-44.78,-1.0638845154480516,0.5693797683990786
2012-03-24 13:52:11,hpq,0.41,13.9,gradient_boosting,-13.49,0.013387193388258908,0.5357378666691854
2012-03-24 15:41:10,ma,25.25,13.9,gradient_boosting,11.35,0.8207698604806782,0.7627190911192303
2012-03-25 15:24:06,pki,23.31,13.42,gradient_boosting,9.889999999999999,0.7626139421185154,0.5314301015407432
2012-03-26 08:00:07,pki,21.92,12.75,gradient_boosting,9.170000000000002,0.720335151775033,0.5314301015407432
2012-03-27 00:41:27,pki,20.39,13.1,gradient_boosting,7.290000000000001,0.6730057625275836,0.5314301015407432
2012-04-03 20:21:23,phm,120.02,12.33,gradient_boosting,107.69,3.4250834114915243,0.5119523763204304
2012-04-04 03:51:40,oi,9.13,13.92,gradient_boosting,-4.789999999999999,0.25424016373383496,0.5325692903335854
2012-04-21 12:27:28,hov,147.24,15.21,gradient_boosting,132.03,3.520028853810804,0.6322356906052605
2012-04-21 13:17:23,len,48.84,15.21,gradient_boosting,33.63,1.1873997326837868,0.6433752370440619
2012-05-01 11:56:52,bac,46.75,14.96,gradient_boosting,31.79,1.1367130470572493,0.5278397706528967
2012-05-15 15:13:11,aapl,-9.81,27.35,gradient_boosting,-37.160000000000004,-0.24051317574351763,0.8557723009592825
2012-05-19 10:36:18,v,69.17,31.53,gradient_boosting,37.64,1.6827301709795293,0.7616586708914885
2012-06-10 06:27:18,phm,129.84,26.57,gradient_boosting,103.27000000000001,3.132504789758379,0.5278494402510012
2012-06-10 08:21:25,anf,61.73,26.57,gradient_boosting,35.16,1.5025114521516123,0.6694430991948279
2012-06-10 08:23:11,hov,176.39,26.57,gradient_boosting,149.82,3.514213859552488,0.5332124816430077
2012-06-10 08:23:21,dhi,46.12,26.57,gradient_boosting,19.549999999999997,0.9190521215569802,0.5416277045250716
2012-06-16 02:22:44,ma,37.98,23.71,gradient_boosting,14.269999999999996,0.7700366958469863,0.758287857084191
2012-06-29 09:46:31,pfe,26.14,20.5,gradient_boosting,5.640000000000001,0.5265502813629414,0.5267332152193451
2012-07-01 05:19:14,bac,58.69,21.21,gradient_boosting,37.48,1.1864084782641504,0.5067561610152174
2012-07-01 20:48:59,aig,40.51,21.21,gradient_boosting,19.299999999999997,0.82207245129316,0.5753971867125819
2012-07-03 06:05:07,dsw,43.64,19.99,gradient_boosting,23.650000000000002,0.9161780122768981,0.5773134703635535
2012-07-13 10:02:58,aig,48.66,26.15,gradient_boosting,22.509999999999998,1.0338656364480607,0.5753971867125819
2012-07-13 18:44:17,fslr,236.27,26.15,gradient_boosting,210.12,3.8970636990571896,0.6362785833519315
2012-07-14 03:36:27,bac,76.9,26.15,gradient_boosting,50.75000000000001,1.2908753050784447,0.5067561610152174
2012-07-15 07:47:21,siri,81.82,26.64,gradient_boosting,55.17999999999999,1.4033708422840816,0.540574973692775
2012-07-18 03:30:22,nke,40.2,25.68,gradient_boosting,14.520000000000003,0.6949597777753815,0.5265915346027993
2012-07-23 18:32:30,aeo,2.12,28.0,gradient_boosting,-25.88,0.03638581778147644,0.5033266206152018
2012-07-29 03:12:45,ntri,20.87,24.29,gradient_boosting,-3.419999999999998,0.36980477766336345,0.5953300438853317
2012-08-18 06:28:42,ma,49.83,19.24,gradient_boosting,30.59,0.8831883493937204,0.7628986001483586
2012-08-31 00:07:24,bac,77.41,18.52,gradient_boosting,58.89,1.3747085826015022,0.519209622433149
2012-09-04 07:05:00,ma,51.95,20.16,gradient_boosting,31.790000000000003,0.9473298543932241,0.7628986001483586
2012-09-18 09:52:13,nflx,447.48,20.66,gradient_boosting,426.82,4.435623910423355,0.5238060485382079
2012-09-23 15:53:29,aapl,-17.11,19.04,gradient_boosting,-36.15,-0.16848268699141378,0.8759025643926338
2012-10-01 10:48:37,ges,27.29,19.88,gradient_boosting,7.41,0.2670077365043073,0.534624121883535
2012-10-11 10:08:06,ges,27.92,21.36,gradient_boosting,6.560000000000002,0.27853598801891893,0.554224143832564
2012-10-11 20:20:07,aapl,-7.2,21.36,gradient_boosting,-28.56,-0.07117427946895724,0.879514129757896
2012-10-13 22:46:13,rsh,50.07,21.76,gradient_boosting,28.31,0.4957994319519184,0.5329428136102988
2012-10-14 22:45:50,wmt,0.9,22.25,gradient_boosting,-21.35,0.00884596013139184,0.5969824168404035
2012-10-17 14:04:51,ntri,56.55,21.07,gradient_boosting,35.48,0.5557445603851524,0.6085663031415465
2012-10-19 19:14:02,wmt,2.55,24.28,gradient_boosting,-21.73,0.024832319441389136,0.5969824168404035
2012-10-20 15:20:52,flws,50.57,24.28,gradient_boosting,26.29,0.49282398985355114,0.5572530328016705
2012-10-21 05:19:34,aapl,1.12,24.29,gradient_boosting,-23.169999999999998,0.010805973955459958,0.8768657351166618
2012-10-22 13:56:12,nflx,375.13,24.99,gradient_boosting,350.14,3.1490185479861585,0.5021170535485878
2012-11-01 16:37:56,znga,60.54,26.07,gradient_boosting,34.47,0.5080743674561231,0.5704220438155301
2012-11-04 04:51:47,ges,40.49,27.65,gradient_boosting,12.840000000000003,0.33927522985525604,0.554224143832564
2012-11-04 08:30:13,csco,34.07,27.65,gradient_boosting,6.420000000000002,0.2852668784546841,0.509081700075059
2012-11-06 16:28:38,slm,45.84,26.64,gradient_boosting,19.200000000000003,0.3867711403020518,0.5025263949417417
2012-11-10 00:28:49,znga,63.21,31.13,gradient_boosting,32.08,0.5359939945231744,0.5704220438155301
2012-11-12 11:30:45,aig,50.99,30.78,gradient_boosting,20.21,0.43241910047272525,0.5311715503497075
2012-11-14 06:49:06,amd,82.38,34.77,gradient_boosting,47.60999999999999,0.6985506946818522,0.519575551685546
2012-11-18 19:25:34,amd,86.56,34.45,gradient_boosting,52.11,0.734599807891444,0.519575551685546
2012-11-26 16:03:03,ma,63.56,30.9,gradient_boosting,32.660000000000004,0.8034677564927891,0.7438126411926902
2012-12-24 00:30:38,gme,105.43,31.1,gradient_boosting,74.33000000000001,1.3309131953342874,0.5287025317223841
2013-01-16 07:42:48,wmt,13.63,27.95,gradient_boosting,-14.319999999999999,0.1712615598982633,0.6066046349582915
2013-01-20 19:31:49,aapl,29.07,26.31,gradient_boosting,2.7600000000000016,0.3653792358469058,0.8883292181093052
2013-01-30 10:59:32,wmt,9.8,21.84,gradient_boosting,-12.04,0.12331585421495686,0.6066046349582915
2013-03-15 01:14:22,grpn,55.1,20.36,gradient_boosting,34.74,0.6935890328685258,0.6429315508481876
2013-03-15 02:24:36,ma,53.59,20.36,gradient_boosting,33.230000000000004,0.6853406511371183,0.7640187942756
2013-04-12 01:52:51,s,32.64,16.61,gradient_boosting,16.03,0.41581247009040423,0.5334201729107538
2013-04-22 01:02:22,rsh,31.35,22.74,gradient_boosting,8.610000000000003,0.40403558902630976,0.5924380574735818
2013-04-22 01:30:37,gme,33.68,22.74,gradient_boosting,10.940000000000001,0.43267987618448145,0.5979964160387417
2013-04-22 01:56:15,fslr,83.54,22.74,gradient_boosting,60.80000000000001,1.0914543332332876,0.5445248015324454
2013-04-22 02:17:30,grpn,21.11,22.74,gradient_boosting,-1.629999999999999,0.8204035689703518,0.6422544632029483
2013-04-22 02:26:51,wmt,1.92,22.74,gradient_boosting,-20.82,0.06929018188102087,0.6066046349582915
2013-04-22 02:41:06,etfc,122.05,22.74,gradient_boosting,99.31,3.7748104699390557,0.5719589555982978
2013-04-22 03:08:32,cim,5.94,22.74,gradient_boosting,-16.799999999999997,0.17631228356082435,0.5701836692262199
2013-04-22 08:22:07,aiv,1.27,22.74,gradient_boosting,-21.47,0.0358944357390529,0.5646800145722141
2013-04-23 03:01:29,aapl,54.4,21.2,gradient_boosting,33.2,1.544223092586362,0.7746942919092241
2013-04-25 00:09:21,ma,36.63,19.89,gradient_boosting,16.740000000000002,1.0380704043811302,0.753163652254345
2013-04-25 00:19:14,ben,4.0,19.89,gradient_boosting,-15.89,0.1129714265761183,0.5027855256752242
2013-04-25 02:13:39,ma,36.63,19.89,gradient_boosting,16.740000000000002,1.0822766139369684,0.753163652254345
2013-04-25 02:27:46,sfly,-13.66,19.89,gradient_boosting,-33.55,-0.4036846033321738,0.6448378498768054
2013-04-25 05:44:22,flws,-1.06,19.89,gradient_boosting,-20.95,-0.03455721665784339,0.5489235834869464
2013-04-25 14:42:50,ben,4.0,19.89,gradient_boosting,-15.89,0.1288184696751954,0.5027855256752242
2013-04-25 16:53:28,etfc,118.11,19.89,gradient_boosting,98.22,3.2299581994052304,0.5076721800029481
2013-04-26 03:38:02,s,9.83,20.1,gradient_boosting,-10.270000000000001,0.2688296655792331,0.5334201729107538
2013-04-26 07:09:40,hov,-22.05,20.1,gradient_boosting,-42.150000000000006,-0.6056866437507383,0.5240316380700243
2013-04-26 11:30:26,ntri,84.56,20.1,gradient_boosting,64.46000000000001,2.2315106963181015,0.5389348897024656
2013-05-08 21:34:35,wmt,3.05,17.22,gradient_boosting,-14.169999999999998,0.07901646608851755,0.6066046349582915
2013-05-10 05:43:27,znga,7.74,17.34,gradient_boosting,-9.6,0.19816982296067215,0.5523020126444933
2013-05-11 09:27:48,mnst,23.53,17.34,gradient_boosting,6.190000000000001,0.6015197904735975,0.5825093937677728
2013-05-11 10:25:56,grpn,-3.2,17.34,gradient_boosting,-20.54,-0.08481705007862375,0.6422544632029483
2013-05-12 21:34:26,see,48.45,18.48,gradient_boosting,29.970000000000002,1.2772815383120855,0.5091968580063371
2013-05-13 17:26:50,slm,22.71,18.5,gradient_boosting,4.210000000000001,0.607215197508966,0.5233467154875495
2013-05-14 10:14:45,bks,-20.79,16.73,gradient_boosting,-37.519999999999996,-0.6771985326595535,0.6034502503720595
2013-05-16 18:19:08,cim,2.34,16.03,gradient_boosting,-13.690000000000001,0.07588885052750158,0.6270805222282079
2013-05-16 23:28:32,aapl,63.08,16.03,gradient_boosting,47.05,2.0134346646240227,0.8033675337760977
2013-05-21 06:58:47,gme,3.3,15.42,gradient_boosting,-12.120000000000001,0.10566142158299181,0.5966367628238455
2013-05-22 23:12:01,rsh,39.27,16.56,gradient_boosting,22.710000000000004,1.2553254726737189,0.5356809581114692
2013-05-25 08:03:21,sai,-42.86,17.47,gradient_boosting,-60.33,-1.3820063988521287,0.5301609550978879
2013-06-26 13:46:05,ter,12.21,24.44,gradient_boosting,-12.23,0.3918889065195931,0.5215317972502259
2013-08-07 10:10:37,bks,22.33,15.13,gradient_boosting,7.1999999999999975,0.7199238555513859,0.5659329844798276
2013-08-11 02:30:32,aapl,68.15,16.71,gradient_boosting,51.440000000000005,2.1563672923731185,0.5172436230774756
2013-09-02 11:16:26,wmt,6.42,24.99,gradient_boosting,-18.57,0.20381334449081542,0.5969824168404035
2011-12-31 21:00:25,urbn,38.68,14.05,extra_trees_tuned,24.63,,0.6362249235955112
2012-01-01 09:11:12,bac,109.83,15.99,extra_trees_tuned,93.84,2.1830369016927196,0.7990499460876743
2012-01-01 10:02:29,s,142.31,15.99,extra_trees_tuned,126.32000000000001,2.684899215999136,0.743830507952758
2012-01-01 20:57:00,aeo,47.5,15.99,extra_trees_tuned,31.509999999999998,0.9530513578646914,0.6719208815440963
2012-01-01 23:06:14,wfc,27.35,15.99,extra_trees_tuned,11.360000000000001,0.5450340617182275,0.910640217951532
2012-01-01 23:13:40,abt,24.6,15.99,extra_trees_tuned,8.610000000000001,0.501409955600597,0.5374676783392177
2012-01-01 23:13:40,wdc,39.07,15.99,extra_trees_tuned,23.08,0.8521194880286711,0.6570505274152262
2012-01-02 04:15:13,pfe,20.43,15.99,extra_trees_tuned,4.4399999999999995,0.45556853692833743,0.7944866225695612
2012-01-02 08:04:30,unp,23.84,15.99,extra_trees_tuned,7.85,0.5503851509661106,0.6260815026812285
2012-01-02 19:36:41,v,54.05,15.99,extra_trees_tuned,38.059999999999995,1.3234450588430835,0.7036320241518642
2012-01-02 19:39:36,aig,52.16,15.99,extra_trees_tuned,36.169999999999995,1.3462376036682333,0.5620192757335065
2012-01-03 13:31:10,jpm,32.38,17.1,extra_trees_tuned,15.280000000000001,0.865654322412696,0.7684043381488637
2012-01-03 13:50:51,dis,35.43,17.1,extra_trees_tuned,18.33,0.9821818056385304,0.6169981414305419
2012-01-03 19:26:58,sti,59.3,17.1,extra_trees_tuned,42.199999999999996,1.7064693931052153,0.6834254160295552
2012-01-04 01:49:33,fslr,-0.84,16.65,extra_trees_tuned,-17.49,-0.023426704095951014,0.5388796545493169
2012-01-04 02:27:50,ci,25.9,16.65,extra_trees_tuned,9.25,0.7390077013944981,0.6338378244117905
2012-01-07 09:19:59,wmt,19.93,17.15,extra_trees_tuned,2.780000000000001,0.5774853240908431,0.8535804085723026
2012-01-07 14:19:13,hd,49.45,17.15,extra_trees_tuned,32.300000000000004,1.4759866419999326,0.6869810149386961
2012-01-08 08:59:52,aapl,32.06,16.83,extra_trees_tuned,15.230000000000004,0.9808418245545344,0.9335039968166449
2012-01-14 11:04:15,wmt,18.11,16.68,extra_trees_tuned,1.4299999999999997,0.5600746359403396,0.8429808575448461
2012-01-15 06:54:17,ebay,73.68,16.6,extra_trees_tuned,57.080000000000005,2.2295216038063197,0.5769917571396742
2012-01-18 22:16:00,oke,7.57,15.69,extra_trees_tuned,-8.12,0.25083209019301356,0.5727571109443156
2012-01-24 22:16:47,dfs,41.15,16.14,extra_trees_tuned,25.009999999999998,2.2806361906459967,0.5850780409852784
2012-01-27 14:56:29,mrk,17.54,16.51,extra_trees_tuned,1.0299999999999976,0.9675708989457802,0.612239100158411
2012-01-28 00:34:11,ma,52.83,16.51,extra_trees_tuned,36.31999999999999,2.83762002915421,0.8667170842395595
2012-01-28 06:06:40,ivz,26.06,16.51,extra_trees_tuned,9.549999999999997,1.402456700918109,0.5925664463179574
2012-01-28 06:09:47,dlph,44.59,16.51,extra_trees_tuned,28.080000000000002,2.3844697099153054,0.6077150844407361
2012-01-28 06:10:10,mpc,87.8,16.51,extra_trees_tuned,71.28999999999999,4.016671754258145,0.7583783925392781
2012-01-28 15:14:39,ivz,26.06,16.51,extra_trees_tuned,9.549999999999997,1.1959528202475809,0.5861370103460376
2012-01-28 15:18:06,dlph,44.59,16.51,extra_trees_tuned,28.080000000000002,2.0719413182738533,0.6085224012610719
2012-01-28 15:18:37,mpc,87.8,16.51,extra_trees_tuned,71.28999999999999,3.638992653712639,0.7583783925392781
2012-01-29 10:20:33,dfs,41.94,16.37,extra_trees_tuned,25.569999999999997,1.7416253138586086,0.6005610383464901
2012-01-30 04:34:27,pfe,33.38,17.23,extra_trees_tuned,16.150000000000002,1.3848248613499123,0.7451291852163645
2012-01-31 01:27:52,rhi,31.83,16.81,extra_trees_tuned,15.02,1.3431817326166047,0.5364141353030112
2012-02-01 09:42:38,dfs,40.17,15.51,extra_trees_tuned,24.660000000000004,1.8251059788472501,0.7401101621966385
2012-02-01 18:13:31,hov,126.59,15.51,extra_trees_tuned,111.08,4.366180687180494,0.5781982912785828
2012-02-03 03:48:15,dfs,39.16,14.91,extra_trees_tuned,24.249999999999996,1.377612006008516,0.7086159232258593
2012-02-04 03:41:42,goog,30.06,14.91,extra_trees_tuned,15.149999999999999,1.0497181148085952,0.5787912381643537
2012-02-04 11:55:01,dfs,39.16,14.91,extra_trees_tuned,24.249999999999996,1.3735921698135196,0.7081321592752221
2012-02-06 16:16:09,dfs,40.58,14.84,extra_trees_tuned,25.74,1.4593477250316267,0.7097844910984434
2012-02-11 00:32:10,dfs,43.24,15.49,extra_trees_tuned,27.75,1.5972449908303177,0.7029990369505746
2012-02-13 01:32:02,dfs,39.33,14.8,extra_trees_tuned,24.529999999999998,1.5334507633070005,0.7116056826928985
2012-02-14 19:14:56,expe,96.54,15.04,extra_trees_tuned,81.5,3.4591137494117796,0.5113898406757595
2012-02-17 07:08:15,dfs,34.14,13.98,extra_trees_tuned,20.16,1.257645514814243,0.6922388342988407
2012-02-20 00:36:36,dfs,35.44,14.84,extra_trees_tuned,20.599999999999998,1.2963529623783063,0.6906631990974682
2012-02-24 14:56:40,dfs,30.38,13.39,extra_trees_tuned,16.99,1.1185396313496998,0.6645092801689644
2012-02-26 11:45:56,dfs,27.2,11.23,extra_trees_tuned,15.969999999999999,0.9853190329858184,0.661061117500007
2012-02-29 05:10:45,gci,42.76,13.1,extra_trees_tuned,29.659999999999997,1.6416607804913768,0.5780856421734354
2012-02-29 09:00:05,dfs,29.95,13.1,extra_trees_tuned,16.85,1.1563661145265842,0.6384981677463459
2012-03-01 09:23:44,dfs,28.97,12.89,extra_trees_tuned,16.08,1.1056740477436933,0.6401152737550027
2012-03-01 23:19:11,bac,40.29,12.89,extra_trees_tuned,27.4,1.6587489856325157,0.5308267072571123
2012-03-04 13:38:54,dfs,31.81,13.84,extra_trees_tuned,17.97,1.3020843086166645,0.612489016193295
2012-03-06 03:43:58,sfly,54.42,17.2,extra_trees_tuned,37.22,2.2262413567850348,0.7981981182657542
2012-03-06 19:42:19,v,44.83,17.2,extra_trees_tuned,27.63,1.8468653303743876,0.6139661065483957
2012-03-09 07:00:14,wfc,18.73,15.5,extra_trees_tuned,3.2300000000000004,0.7506859773891864,0.7256829903997898
2012-03-09 07:22:13,usb,18.0,15.5,extra_trees_tuned,2.5,1.1069827649073474,0.59751930907095
2012-03-09 08:18:30,nvda,-12.4,15.5,extra_trees_tuned,-27.9,-0.7187454585226581,0.5350354783993504
2012-03-09 20:40:39,wfc,18.73,15.5,extra_trees_tuned,3.2300000000000004,1.0599850720750719,0.7123385350876914
2012-03-09 22:08:26,hig,29.39,15.5,extra_trees_tuned,13.89,1.6582867354064903,0.527300190874547
2012-03-10 02:13:15,bac,50.61,15.5,extra_trees_tuned,35.11,2.8111212725436823,0.5137825603616386
2012-03-10 10:30:23,bbt,10.18,15.5,extra_trees_tuned,-5.32,0.5404318625630237,0.5922378257910255
2012-03-10 10:31:12,usb,18.0,15.5,extra_trees_tuned,2.5,0.9393509471457073,0.5947067857478642
2012-03-11 13:28:28,pfe,36.43,15.93,extra_trees_tuned,20.5,2.9760023319610776,0.7434219977527586
2012-03-12 14:42:43,s,117.65,15.67,extra_trees_tuned,101.98,5.113416526401897,0.5878736815686061
2012-03-13 09:39:10,goog,33.59,13.78,extra_trees_tuned,19.810000000000002,1.459854233070762,0.5475333530236495
2012-03-15 02:07:35,s,107.5,13.7,extra_trees_tuned,93.8,3.8208199410477968,0.5803302305219
2012-03-16 01:19:55,goog,30.28,13.54,extra_trees_tuned,16.740000000000002,1.0784177770758394,0.528415203590777
2012-03-16 06:16:11,siri,40.14,13.54,extra_trees_tuned,26.6,1.4302782488865093,0.5684277467243246
2012-03-19 03:13:18,whr,51.82,12.21,extra_trees_tuned,39.61,1.8417765958256032,0.5360256545731501
2012-03-19 15:36:23,unp,28.85,12.21,extra_trees_tuned,16.64,1.0252930793092807,0.514673535122939
2012-03-20 09:56:00,akam,-3.54,13.32,extra_trees_tuned,-16.86,-0.12092820607505927,0.5009562861718246
2012-03-20 11:47:16,lsi,34.95,13.32,extra_trees_tuned,21.630000000000003,1.1949573409112566,0.5781645209757847
2012-03-21 16:29:37,s,117.99,12.54,extra_trees_tuned,105.44999999999999,3.4533680969699474,0.5734413009985133
2012-03-23 11:55:17,rsh,11.6,13.9,extra_trees_tuned,-2.3000000000000007,0.3335033348358223,0.5419972048698729
2012-03-24 15:41:10,ma,25.25,13.9,extra_trees_tuned,11.35,0.7296154103885084,0.8276976704642006
2012-03-25 15:24:06,pki,23.31,13.42,extra_trees_tuned,9.889999999999999,0.6766155629362895,0.5230706770553997
2012-03-26 01:50:11,flir,1.03,12.75,extra_trees_tuned,-11.72,0.02941066744335272,0.5373648323583434
2012-03-26 08:00:07,pki,21.92,12.75,extra_trees_tuned,9.170000000000002,0.6275646196041856,0.5230706770553997
2012-03-26 17:55:06,flir,1.03,12.75,extra_trees_tuned,-11.72,0.028666359400718364,0.5395060428837011
2012-03-27 00:41:27,pki,20.39,13.1,extra_trees_tuned,7.290000000000001,0.5660700266603397,0.5194701544959409
2012-03-27 10:02:00,flir,1.34,13.1,extra_trees_tuned,-11.76,0.036797182856595737,0.5430468737878309
2012-03-28 22:01:09,jci,20.62,14.01,extra_trees_tuned,6.610000000000001,0.5672459543986946,0.6668433518617654
2012-03-29 20:32:53,sti,20.24,14.21,extra_trees_tuned,6.029999999999998,0.5540404050278813,0.5726476797118112
2012-04-03 20:21:23,phm,120.02,12.33,extra_trees_tuned,107.69,3.2601406422349073,0.5167327560518026
2012-04-21 12:27:28,hov,147.24,15.21,extra_trees_tuned,132.03,3.313135567398174,0.5761350201138519
2012-04-21 13:17:23,len,48.84,15.21,extra_trees_tuned,33.63,1.171100221493023,0.5001501267215678
2012-04-24 04:51:29,unp,39.04,17.54,extra_trees_tuned,21.5,0.9371267230379412,0.5385929588242412
2012-04-27 20:57:19,rsh,17.15,15.22,extra_trees_tuned,1.929999999999998,0.40890629717793353,0.5641361726358914
2012-05-01 11:56:52,bac,46.75,14.96,extra_trees_tuned,31.79,1.1166242831418425,0.5848855188688575
2012-05-15 15:13:11,aapl,-9.81,27.35,extra_trees_tuned,-37.160000000000004,-0.23196998224050863,0.8277913933582675
2012-05-18 20:33:27,goog,51.43,31.53,extra_trees_tuned,19.9,1.2342029115012358,0.5213851231313426
2012-05-19 10:36:18,v,69.17,31.53,extra_trees_tuned,37.64,1.6392967892578558,0.682335874105641
2012-05-22 07:39:36,usb,16.85,28.31,extra_trees_tuned,-11.459999999999997,0.4396147753720269,0.5906480303032751
2012-05-30 04:19:20,mrk,30.92,28.66,extra_trees_tuned,2.2600000000000016,0.8151353805811749,0.5725612578784439
2012-06-10 08:23:11,hov,176.39,26.57,extra_trees_tuned,149.82,3.6004129127870907,0.5197676733465922
2012-06-14 22:02:35,dte,18.19,24.98,extra_trees_tuned,-6.789999999999999,0.37032078586167044,0.5372955565840958
2012-06-16 02:22:44,ma,37.98,23.71,extra_trees_tuned,14.269999999999996,0.7895070272181489,0.7919341147064436
2012-06-16 20:05:08,bby,39.22,23.71,extra_trees_tuned,15.509999999999998,0.8203434375338843,0.5451569457629863
2012-06-20 10:04:58,low,41.85,19.65,extra_trees_tuned,22.200000000000003,0.897750979608,0.5028726519574948
2012-06-20 10:12:22,wmt,9.1,19.65,extra_trees_tuned,-10.549999999999999,0.19343840682506336,0.6846787178075618
2012-06-22 21:56:07,jpm,48.58,21.85,extra_trees_tuned,26.729999999999997,1.0621009771360361,0.6068502091598034
2012-06-24 01:52:49,nok,59.66,20.31,extra_trees_tuned,39.349999999999994,1.3190708270988802,0.5483042249855579
2012-06-29 09:46:31,pfe,26.14,20.5,extra_trees_tuned,5.640000000000001,0.5805450948204638,0.6381434225268279
2012-06-30 15:50:01,bax,37.26,20.5,extra_trees_tuned,16.759999999999998,0.8822697675536637,0.5433428243196666
2012-07-01 05:19:14,bac,58.69,21.21,extra_trees_tuned,37.48,1.6560563698778505,0.6186299633084589
2012-07-01 18:29:24,akam,35.34,21.21,extra_trees_tuned,14.130000000000003,0.9962183057286081,0.5149573757173709
2012-07-03 06:05:07,dsw,43.64,19.99,extra_trees_tuned,23.650000000000002,1.2307245812070204,0.526788687406868
2012-07-05 00:21:25,stx,90.34,21.84,extra_trees_tuned,68.5,2.485988730433895,0.5040986651250335
2012-07-13 03:20:27,znga,-28.57,26.15,extra_trees_tuned,-54.72,-0.7809758206046828,0.7323354447875392
2012-07-13 18:44:17,fslr,236.27,26.15,extra_trees_tuned,210.12,4.293047410789432,0.5729009867370991
2012-07-14 03:36:27,bac,76.9,26.15,extra_trees_tuned,50.75000000000001,1.3937384557170056,0.6155186550632634
2012-07-14 03:38:21,sbux,32.04,26.15,extra_trees_tuned,5.890000000000001,0.5779112257632513,0.5246209407957331
2012-07-14 05:17:04,gci,94.59,26.15,extra_trees_tuned,68.44,1.713957505092011,0.6103732063043548
2012-07-15 07:47:21,siri,81.82,26.64,extra_trees_tuned,55.17999999999999,1.4904350284812466,0.6302006314196326
2012-07-15 20:05:22,etn,84.62,26.64,extra_trees_tuned,57.980000000000004,1.7472656079004354,0.5242734072809418
2012-07-16 18:22:38,goog,59.95,26.46,extra_trees_tuned,33.49,1.2629906573203917,0.6245298341332335
2012-07-17 03:10:14,afl,39.21,25.92,extra_trees_tuned,13.29,0.826588833931198,0.5814994101202692
2012-07-17 13:58:10,cbs,66.6,25.92,extra_trees_tuned,40.67999999999999,1.4121294532183106,0.5591752165905125
2012-07-22 03:08:59,jci,40.34,26.98,extra_trees_tuned,13.360000000000003,0.8546808368523646,0.5448915128860644
2012-07-23 08:11:34,low,78.1,28.0,extra_trees_tuned,50.099999999999994,1.713255962553201,0.5426348454572358
2012-07-23 13:13:10,ges,25.2,28.0,extra_trees_tuned,-2.8000000000000007,0.5437180616022596,0.5773377247146191
2012-07-23 18:32:30,aeo,2.12,28.0,extra_trees_tuned,-25.88,0.043783040559230844,0.5391860752999436
2012-07-24 00:16:31,rsh,48.49,28.64,extra_trees_tuned,19.85,1.0143044870425726,0.5620052129969085
2012-07-26 00:41:15,jpm,60.92,26.97,extra_trees_tuned,33.95,1.2845058764470616,0.6162677693805652
2012-07-27 04:31:55,mpc,56.33,24.67,extra_trees_tuned,31.659999999999997,1.1872912893620668,0.5176776608079955
2012-08-15 11:02:12,amd,-11.93,20.68,extra_trees_tuned,-32.61,-0.24614203539862634,0.5138574140250728
2012-08-18 06:28:42,ma,49.83,19.24,extra_trees_tuned,30.59,1.0304367487377506,0.7804494039353046
2012-08-21 18:50:14,wtw,-25.63,18.68,extra_trees_tuned,-44.31,-0.5272423670545316,0.5989491831454195
2012-08-31 00:07:24,bac,77.41,18.52,extra_trees_tuned,58.89,1.6068284570934213,0.5276645912489771
2012-09-01 13:32:36,low,63.73,18.52,extra_trees_tuned,45.209999999999994,2.4961988437630542,0.5656667887153513
2012-09-04 07:05:00,ma,51.95,20.16,extra_trees_tuned,31.790000000000003,2.0825893933249926,0.7866629828271943
2012-09-12 01:44:21,tdc,-20.59,19.62,extra_trees_tuned,-40.21,-0.8054332434359092,0.5362443310393186
2012-09-18 09:52:13,nflx,447.48,20.66,extra_trees_tuned,426.82,4.864105590221359,0.5328707613089213
2012-09-20 12:57:29,wfc,25.22,19.55,extra_trees_tuned,5.669999999999998,0.27273589163730527,0.5756818988595164
2012-09-21 08:18:43,ges,23.84,19.6,extra_trees_tuned,4.239999999999998,0.25675460280447776,0.5012245346482567
2012-09-21 15:21:31,ges,23.84,19.6,extra_trees_tuned,4.239999999999998,0.25557722259790105,0.5038158906543708
2012-09-23 14:04:56,ges,23.03,19.04,extra_trees_tuned,3.990000000000002,0.24616195769369886,0.5089199191590101
2012-09-23 15:49:47,low,59.34,19.04,extra_trees_tuned,40.300000000000004,0.6343265504211739,0.5632389572603336
2012-09-23 15:53:29,aapl,-17.11,19.04,extra_trees_tuned,-36.15,-0.18210205384201225,0.8090665218278502
2012-10-05 15:10:26,ipg,51.37,18.1,extra_trees_tuned,33.269999999999996,0.5472378074773306,0.5344141311709185
2012-10-11 10:08:06,ges,27.92,21.36,extra_trees_tuned,6.560000000000002,0.2975817245998784,0.5192584362815749
2012-10-11 19:13:31,low,61.4,21.36,extra_trees_tuned,40.04,0.6610470378973041,0.5417162560157368
2012-10-11 20:20:07,aapl,-7.2,21.36,extra_trees_tuned,-28.56,-0.07689018212096055,0.8410943854748655
2012-10-13 22:46:13,rsh,50.07,21.76,extra_trees_tuned,28.31,0.5345840056176974,0.5668620482860823
2012-10-14 07:23:23,anf,5.51,22.25,extra_trees_tuned,-16.740000000000002,0.0583579187477538,0.547882351529471
2012-10-14 08:11:53,aeo,-35.74,22.25,extra_trees_tuned,-57.99,-0.3802993517769884,0.55431512701934
2012-10-14 22:45:50,wmt,0.9,22.25,extra_trees_tuned,-21.35,0.0094917236693623,0.7435421330611374
2012-10-15 09:41:26,amd,46.18,20.36,extra_trees_tuned,25.82,0.4881817118910209,0.5540259294503294
2012-10-19 19:14:02,wmt,2.55,24.28,extra_trees_tuned,-21.73,0.026790485730737636,0.7394948347634046
2012-10-21 05:19:34,aapl,1.12,24.29,extra_trees_tuned,-23.169999999999998,0.011689428756593878,0.8482161814149735
2012-10-22 13:56:12,nflx,375.13,24.99,extra_trees_tuned,350.14,3.1154192935569,0.5335088947716848
2012-11-01 16:37:56,znga,60.54,26.07,extra_trees_tuned,34.47,0.5046642129330948,0.619116438940452
2012-11-04 01:03:24,fslr,174.31,27.65,extra_trees_tuned,146.66,2.0558321313616315,0.6542968590903416
2012-11-04 01:53:18,cbg,31.28,27.65,extra_trees_tuned,3.6300000000000026,0.3693382752082526,0.5303320935987611
2012-11-04 04:51:47,ges,40.49,27.65,extra_trees_tuned,12.840000000000003,0.4793854858834016,0.5505677708366981
2012-11-05 11:23:59,psa,21.85,26.98,extra_trees_tuned,-5.129999999999999,0.258574395044615,0.5415598273983768
2012-11-06 16:28:38,slm,45.84,26.64,extra_trees_tuned,19.200000000000003,0.5443795943716573,0.6288098096295716
2012-11-07 01:50:15,alxn,29.7,27.94,extra_trees_tuned,1.759999999999998,0.3518922762474342,0.5032584142315776
2012-11-07 15:11:00,anf,2.3,27.94,extra_trees_tuned,-25.64,0.027119963146122823,0.555425205438106
2012-11-10 00:28:49,znga,63.21,31.13,extra_trees_tuned,32.08,0.7451063268692714,0.619116438940452
2012-11-13 14:33:24,dte,20.27,32.29,extra_trees_tuned,-12.02,0.23854016844747047,0.53300106014736
2012-11-14 06:23:04,siri,41.06,34.77,extra_trees_tuned,6.289999999999999,0.48305362340729074,0.5653251844352416
2012-11-14 06:49:06,amd,82.38,34.77,extra_trees_tuned,47.60999999999999,0.9744378069920872,0.6558948784578225
2012-11-17 08:51:02,dte,21.89,34.92,extra_trees_tuned,-13.030000000000001,0.2578681151746131,0.531100916929466
2012-11-18 16:58:05,siri,42.35,34.45,extra_trees_tuned,7.899999999999999,0.5032567360821002,0.5729076135685692
2012-11-18 19:25:34,amd,86.56,34.45,extra_trees_tuned,52.11,1.0274818412605595,0.680903728082782
2012-11-26 16:03:03,ma,63.56,30.9,extra_trees_tuned,32.660000000000004,0.7647837516031,0.7558980480650787
2012-12-05 05:50:21,fslr,99.67,29.23,extra_trees_tuned,70.44,1.194920615238288,0.5201554800278871
2012-12-24 00:30:38,gme,105.43,31.1,extra_trees_tuned,74.33000000000001,1.2778601468589437,0.5068690697929805
2013-01-16 07:42:48,wmt,13.63,27.95,extra_trees_tuned,-14.319999999999999,0.1662241288606594,0.7886051663323028
2013-01-20 19:31:49,aapl,29.07,26.31,extra_trees_tuned,2.7600000000000016,0.7188219597193336,0.7620172801061333
2013-01-29 18:59:06,siri,14.7,20.09,extra_trees_tuned,-5.390000000000001,0.35570351484216267,0.56537864525542
2013-01-30 10:59:32,wmt,9.8,21.84,extra_trees_tuned,-12.04,0.3206675219897295,0.7939859845699788
2013-02-06 13:28:04,alxn,67.75,19.78,extra_trees_tuned,47.97,2.1928746182499226,0.5103730202885624
2013-02-06 17:49:15,chrw,-11.08,19.78,extra_trees_tuned,-30.86,-0.34830090155216414,0.5738866111749681
2013-02-09 00:59:30,fslr,63.91,20.76,extra_trees_tuned,43.14999999999999,2.016870189786166,0.538199650396001
2013-02-16 01:09:21,znga,52.19,23.42,extra_trees_tuned,28.769999999999996,1.645287575509228,0.6335386518634855
2013-03-15 01:14:22,grpn,55.1,20.36,extra_trees_tuned,34.74,1.7469417989491567,0.6097857888701422
2013-03-15 01:31:09,nvda,43.83,20.36,extra_trees_tuned,23.47,1.473862494724893,0.5075601531869824
2013-03-15 02:24:36,ma,53.59,20.36,extra_trees_tuned,33.230000000000004,1.8116993168589162,0.6993736286505484
2013-03-17 22:38:53,dsw,19.4,21.45,extra_trees_tuned,-2.0500000000000007,0.6548550991230226,0.5152549103750577
2013-04-05 12:13:03,wfc,37.26,22.56,extra_trees_tuned,14.7,1.2549864556748718,0.5364909343175032
2013-04-22 01:02:22,rsh,31.35,22.74,extra_trees_tuned,8.610000000000003,1.0878270236901886,0.5911011314272674
2013-04-22 01:30:37,gme,33.68,22.74,extra_trees_tuned,10.940000000000001,1.185278595892897,0.5155239391397729
2013-04-22 01:36:15,esv,-2.95,22.74,extra_trees_tuned,-25.689999999999998,-0.09816618868979791,0.563178793914815
2013-04-22 02:07:08,znga,41.18,22.74,extra_trees_tuned,18.44,1.4503256527289163,0.5852363657658508
2013-04-22 02:17:30,grpn,21.11,22.74,extra_trees_tuned,-1.629999999999999,0.7454206481417706,0.5168132396696563
2013-04-22 02:18:04,nbr,68.64,22.74,extra_trees_tuned,45.900000000000006,2.6792647388942172,0.5460083486349914
2013-04-22 02:26:51,wmt,1.92,22.74,extra_trees_tuned,-20.82,0.08895464888523144,0.7505150283800203
2013-04-22 02:41:06,etfc,122.05,22.74,extra_trees_tuned,99.31,4.247626622791259,0.5531015626615841
2013-04-22 02:41:34,hov,-10.92,22.74,extra_trees_tuned,-33.66,-0.3721263991375869,0.5705256864190337
2013-04-22 03:35:20,nok,137.14,22.74,extra_trees_tuned,114.39999999999999,3.790704429134128,0.5030186238739777
2013-04-23 03:01:29,aapl,54.4,21.2,extra_trees_tuned,33.2,1.540757998749481,0.7409164348819435
2013-04-23 20:34:55,siri,1.93,21.2,extra_trees_tuned,-19.27,0.05320622849514685,0.5777650017815629
2013-04-23 22:54:52,nflx,62.91,21.2,extra_trees_tuned,41.709999999999994,1.761847761321592,0.5118876093189844
2013-04-25 00:09:21,ma,36.63,19.89,extra_trees_tuned,16.740000000000002,1.031889997502427,0.6681777495333399
2013-04-25 02:13:39,ma,36.63,19.89,extra_trees_tuned,16.740000000000002,1.0321516423120505,0.6681777495333399
2013-04-25 02:27:46,sfly,-13.66,19.89,extra_trees_tuned,-33.55,-0.3795466989190364,0.7676569374648327
2013-04-25 05:44:22,flws,-1.06,19.89,extra_trees_tuned,-20.95,-0.02857006755180267,0.6634569489297714
2013-04-25 16:49:59,siri,0.0,19.89,extra_trees_tuned,-19.89,0.0,0.57716676619348
2013-04-25 16:53:28,etfc,118.11,19.89,extra_trees_tuned,98.22,2.8256257890037086,0.5568661549133841
2013-04-25 19:10:01,lm,48.88,19.89,extra_trees_tuned,28.990000000000002,1.1689382317756092,0.5054630824296793
2013-04-26 07:09:40,hov,-22.05,20.1,extra_trees_tuned,-42.150000000000006,-0.5250658976259234,0.5655898065642827
2013-04-26 11:30:26,ntri,84.56,20.1,extra_trees_tuned,64.46000000000001,1.966220741689608,0.5746726960617802
2013-05-05 19:05:15,flir,44.1,19.12,extra_trees_tuned,24.98,1.052705551671268,0.5827344371352958
2013-05-08 21:34:35,wmt,3.05,17.22,extra_trees_tuned,-14.169999999999998,0.07093854776879985,0.7326370626841466
2013-05-11 09:34:50,usb,23.29,17.34,extra_trees_tuned,5.949999999999999,0.5424441447519691,0.5219282302123397
2013-05-11 10:25:56,grpn,-3.2,17.34,extra_trees_tuned,-20.54,-0.07356929189497638,0.5289761081457678
2013-05-11 13:35:20,clf,-25.62,17.34,extra_trees_tuned,-42.96,-0.6002587834452794,0.5021245185698651
2013-05-11 18:45:58,ges,-1.37,17.34,extra_trees_tuned,-18.71,-0.03491666219284008,0.5632317533022038
2013-05-13 15:24:02,dsw,2.22,18.5,extra_trees_tuned,-16.28,0.0560871907310823,0.5367087751429568
2013-05-13 17:26:50,slm,22.71,18.5,extra_trees_tuned,4.210000000000001,0.7168587263468812,0.5244658640907416
2013-05-15 12:09:53,p,42.61,15.08,extra_trees_tuned,27.53,1.3606549890544406,0.5014023926146718
2013-05-16 23:28:32,aapl,63.08,16.03,extra_trees_tuned,47.05,2.006127043693351,0.6812936595328788
2013-05-21 06:58:47,gme,3.3,15.42,extra_trees_tuned,-12.120000000000001,0.10555700541343153,0.5338233815606588
2013-05-21 08:39:05,lsi,10.91,15.42,extra_trees_tuned,-4.51,0.346399763292347,0.6076874813903786
2013-05-23 18:29:55,txt,43.2,17.37,extra_trees_tuned,25.830000000000002,1.366290468483141,0.5276553983415637
2013-05-23 20:34:05,wtw,-52.13,17.37,extra_trees_tuned,-69.5,-1.6385171902315043,0.5422733039965086
2013-06-21 23:32:03,wpx,25.78,25.6,extra_trees_tuned,0.17999999999999972,0.8296917942728016,0.502849372519801
2013-06-26 13:46:05,ter,12.21,24.44,extra_trees_tuned,-12.23,0.40000114208015725,0.6800519902998863
2013-06-27 14:49:04,wpx,19.46,23.96,extra_trees_tuned,-4.5,0.8448064346077903,0.5038464545074798
2013-08-11 02:30:32,aapl,68.15,16.71,extra_trees_tuned,51.440000000000005,2.8005672504653076,0.5811955637019509
2013-09-02 11:16:26,wmt,6.42,24.99,extra_trees_tuned,-18.57,0.25883005417794636,0.782587670707738
