Date,Ticker,stock_p_change,SP500_p_change,model,outperformance,predicted_outperformance_probability
2011-12-31 21:00:25,urbn,38.68,14.05,extra_trees,24.63,0.5386166072393971
2012-01-01 08:29:08,nwl,41.03,15.99,extra_trees,25.04,0.5613483236526758
2012-01-01 09:11:12,bac,109.83,15.99,extra_trees,93.84,0.8249596970323642
2012-01-01 09:30:57,ge,21.59,15.99,extra_trees,5.6,0.7130598325273857
2012-01-01 10:02:29,s,142.31,15.99,extra_trees,126.32000000000001,0.784802812759642
2012-01-01 13:36:26,biib,33.0,15.99,extra_trees,17.009999999999998,0.5592476633693493
2012-01-01 17:41:35,dal,46.72,15.99,extra_trees,30.729999999999997,0.5963707496261396
2012-01-01 20:57:00,aeo,47.5,15.99,extra_trees,31.509999999999998,0.7186012932084068
2012-01-01 23:06:14,wfc,27.35,15.99,extra_trees,11.360000000000001,0.867785567202885
2012-01-01 23:13:40,abt,24.6,15.99,extra_trees,8.610000000000001,0.5866050827350772
2012-01-01 23:13:40,wdc,39.07,15.99,extra_trees,23.08,0.7058799227831727
2012-01-02 04:15:13,pfe,20.43,15.99,extra_trees,4.4399999999999995,0.8026053394497649
2012-01-02 08:04:30,unp,23.84,15.99,extra_trees,7.85,0.5636276456032449
2012-01-02 19:36:41,v,54.05,15.99,extra_trees,38.059999999999995,0.5825870741092678
2012-01-02 19:39:36,aig,52.16,15.99,extra_trees,36.169999999999995,0.6426687222561198
2012-01-03 13:31:10,jpm,32.38,17.1,extra_trees,15.280000000000001,0.6825807440879391
2012-01-03 13:50:51,dis,35.43,17.1,extra_trees,18.33,0.6645319216324257
2012-01-03 19:26:58,sti,59.3,17.1,extra_trees,42.199999999999996,0.6478531025674251
2012-01-04 02:27:50,ci,25.9,16.65,extra_trees,9.25,0.5689100114834623
2012-01-07 09:19:59,wmt,19.93,17.15,extra_trees,2.780000000000001,0.8807614466334995
2012-01-07 14:19:13,hd,49.45,17.15,extra_trees,32.300000000000004,0.6207702952334556
2012-01-08 08:59:52,aapl,32.06,16.83,extra_trees,15.230000000000004,0.9116563929892586
2012-01-08 14:45:10,ge,17.54,16.83,extra_trees,0.7100000000000009,0.6853382449758824
2012-01-12 04:29:33,goog,17.53,16.08,extra_trees,1.4500000000000028,0.5014820872549796
2012-01-13 03:10:55,ea,-21.06,16.68,extra_trees,-37.739999999999995,0.5043855520491578
2012-01-13 14:12:49,ipg,13.44,16.68,extra_trees,-3.24,0.5695589855604254
2012-01-14 11:04:15,wmt,18.11,16.68,extra_trees,1.4299999999999997,0.8656393027367665
2012-01-15 06:54:17,ebay,73.68,16.6,extra_trees,57.080000000000005,0.5309215280330369
2012-01-17 02:03:48,ge,16.92,16.21,extra_trees,0.7100000000000009,0.6658655340002106
2012-01-18 09:17:29,ipg,15.31,15.69,extra_trees,-0.379999999999999,0.5717989750156254
2012-01-18 22:16:00,oke,7.57,15.69,extra_trees,-8.12,0.5729436787949925
2012-01-24 22:16:47,dfs,41.15,16.14,extra_trees,25.009999999999998,0.615994268284109
2012-01-27 14:56:29,mrk,17.54,16.51,extra_trees,1.0299999999999976,0.6272082237225044
2012-01-28 00:34:11,ma,52.83,16.51,extra_trees,36.31999999999999,0.8410944056607221
2012-01-28 06:06:40,ivz,26.06,16.51,extra_trees,9.549999999999997,0.6298984779957514
2012-01-28 06:09:47,dlph,44.59,16.51,extra_trees,28.080000000000002,0.6504051871785032
2012-01-28 06:10:10,mpc,87.8,16.51,extra_trees,71.28999999999999,0.7311900755979002
2012-01-28 15:14:39,ivz,26.06,16.51,extra_trees,9.549999999999997,0.6283227016408653
2012-01-28 15:18:06,dlph,44.59,16.51,extra_trees,28.080000000000002,0.6470416296837546
2012-01-28 15:18:37,mpc,87.8,16.51,extra_trees,71.28999999999999,0.7311900755979002
2012-01-29 10:20:33,dfs,41.94,16.37,extra_trees,25.569999999999997,0.6127055842696641
2012-01-30 04:34:27,pfe,33.38,17.23,extra_trees,16.150000000000002,0.7896462793320534
2012-02-01 09:42:38,dfs,40.17,15.51,extra_trees,24.660000000000004,0.7016027649428147
2012-02-01 18:13:31,hov,126.59,15.51,extra_trees,111.08,0.6837088074469051
2012-02-03 03:48:15,dfs,39.16,14.91,extra_trees,24.249999999999996,0.6776211400402822
2012-02-04 03:41:42,goog,30.06,14.91,extra_trees,15.149999999999999,0.5906737818692059
2012-02-04 11:55:01,dfs,39.16,14.91,extra_trees,24.249999999999996,0.6723665308542919
2012-02-04 15:57:56,rsh,1.91,14.91,extra_trees,-13.0,0.5277228616535765
2012-02-06 16:16:09,dfs,40.58,14.84,extra_trees,25.74,0.6703767907105336
2012-02-11 00:32:10,dfs,43.24,15.49,extra_trees,27.75,0.6668576201817586
2012-02-13 01:32:02,dfs,39.33,14.8,extra_trees,24.529999999999998,0.6628264994873257
2012-02-14 19:14:56,expe,96.54,15.04,extra_trees,81.5,0.560369592901919
2012-02-17 07:08:15,dfs,34.14,13.98,extra_trees,20.16,0.6534001903806748
2012-02-20 00:36:36,dfs,35.44,14.84,extra_trees,20.599999999999998,0.6517449296880299
2012-02-24 14:56:40,dfs,30.38,13.39,extra_trees,16.99,0.642466963284526
2012-02-26 11:45:56,dfs,27.2,11.23,extra_trees,15.969999999999999,0.642466963284526
2012-02-28 12:03:59,mco,27.3,12.88,extra_trees,14.42,0.5301912060573603
2012-02-29 05:10:45,gci,42.76,13.1,extra_trees,29.659999999999997,0.6129952084613717
2012-02-29 09:00:05,dfs,29.95,13.1,extra_trees,16.85,0.6410580108044432
2012-03-01 09:23:44,dfs,28.97,12.89,extra_trees,16.08,0.64190435958419
2012-03-01 23:19:11,bac,40.29,12.89,extra_trees,27.4,0.7314874589987657
2012-03-02 20:56:30,abt,28.73,13.23,extra_trees,15.5,0.5801457227405473
2012-03-04 13:38:54,dfs,31.81,13.84,extra_trees,17.97,0.6282687509477445
2012-03-06 03:43:58,sfly,54.42,17.2,extra_trees,37.22,0.6865902208890602
2012-03-06 19:42:19,v,44.83,17.2,extra_trees,27.63,0.5276588798810803
2012-03-07 17:08:49,fslr,1.16,16.6,extra_trees,-15.440000000000001,0.5586890336783074
2012-03-09 03:57:50,rf,41.39,15.5,extra_trees,25.89,0.5535529255229381
2012-03-09 07:00:14,wfc,18.73,15.5,extra_trees,3.2300000000000004,0.7174972492828724
2012-03-09 07:22:13,usb,18.0,15.5,extra_trees,2.5,0.5820964775572783
2012-03-09 14:15:49,fhn,10.89,15.5,extra_trees,-4.609999999999999,0.5875567856049734
2012-03-09 20:40:39,wfc,18.73,15.5,extra_trees,3.2300000000000004,0.7076171709985158
2012-03-09 23:59:18,zion,33.49,15.5,extra_trees,17.990000000000002,0.6579261890933635
2012-03-10 02:13:15,bac,50.61,15.5,extra_trees,35.11,0.7257019189408325
2012-03-10 06:00:10,hban,28.81,15.5,extra_trees,13.309999999999999,0.5173327573021157
2012-03-10 07:53:56,aig,40.11,15.5,extra_trees,24.61,0.6012243709883301
2012-03-10 10:30:23,bbt,10.18,15.5,extra_trees,-5.32,0.5827402110600909
2012-03-10 10:31:12,usb,18.0,15.5,extra_trees,2.5,0.5549816407829554
2012-03-11 04:48:46,all,54.38,15.93,extra_trees,38.45,0.5589348949106209
2012-03-11 13:28:28,pfe,36.43,15.93,extra_trees,20.5,0.739844458925982
2012-03-12 14:42:43,s,117.65,15.67,extra_trees,101.98,0.7577327226606142
2012-03-13 08:47:34,fslr,-1.54,13.78,extra_trees,-15.32,0.5240847055791974
2012-03-13 09:39:10,goog,33.59,13.78,extra_trees,19.810000000000002,0.5798845438973578
2012-03-15 02:07:35,s,107.5,13.7,extra_trees,93.8,0.7577327226606142
2012-03-16 00:12:56,fslr,-8.49,13.54,extra_trees,-22.03,0.5201995259701712
2012-03-16 01:19:55,goog,30.28,13.54,extra_trees,16.740000000000002,0.5714542432967575
2012-03-16 04:36:14,dis,35.37,13.54,extra_trees,21.83,0.5134564916648039
2012-03-16 06:16:11,siri,40.14,13.54,extra_trees,26.6,0.7607537155347757
2012-03-18 08:32:39,gt,10.28,12.91,extra_trees,-2.630000000000001,0.5518229924632286
2012-03-19 03:13:18,whr,51.82,12.21,extra_trees,39.61,0.5668301138006598
2012-03-19 15:36:23,unp,28.85,12.21,extra_trees,16.64,0.5197795295287019
2012-03-20 09:56:00,akam,-3.54,13.32,extra_trees,-16.86,0.5662015583794335
2012-03-20 11:47:16,lsi,34.95,13.32,extra_trees,21.630000000000003,0.6705877681145282
2012-03-21 16:29:37,s,117.99,12.54,extra_trees,105.44999999999999,0.7577327226606144
2012-03-23 11:55:17,rsh,11.6,13.9,extra_trees,-2.3000000000000007,0.5480955485224958
2012-03-24 15:41:10,ma,25.25,13.9,extra_trees,11.35,0.7247612832819793
2012-03-24 20:52:28,mrk,20.15,13.9,extra_trees,6.249999999999998,0.5785094543542146
2012-03-24 22:56:43,low,25.54,13.9,extra_trees,11.639999999999999,0.5383843822812009
2012-03-28 22:01:09,jci,20.62,14.01,extra_trees,6.610000000000001,0.5723989654071445
2012-03-29 16:40:44,wdc,21.9,14.21,extra_trees,7.689999999999998,0.5406758565765136
2012-03-29 20:32:53,sti,20.24,14.21,extra_trees,6.029999999999998,0.5926326411448077
2012-03-30 03:54:23,mrk,19.74,13.74,extra_trees,5.999999999999998,0.5749919009179427
2012-03-30 05:44:15,abt,26.71,13.74,extra_trees,12.97,0.5008986029618755
2012-03-31 04:06:25,ea,7.34,13.74,extra_trees,-6.4,0.5351323591431991
2012-04-03 20:21:23,phm,120.02,12.33,extra_trees,107.69,0.6137139517687237
2012-04-05 17:48:40,twx,61.92,13.46,extra_trees,48.46,0.5031212231595499
2012-04-20 13:41:10,low,22.86,15.21,extra_trees,7.649999999999999,0.5241832198412707
2012-04-21 12:27:28,hov,147.24,15.21,extra_trees,132.03,0.6852728521716063
2012-04-21 13:17:23,len,48.84,15.21,extra_trees,33.63,0.5334240266813844
2012-04-22 16:26:13,ntri,-26.32,15.73,extra_trees,-42.05,0.529300972940969
2012-04-24 04:51:29,unp,39.04,17.54,extra_trees,21.5,0.512001917214036
2012-04-27 20:57:19,rsh,17.15,15.22,extra_trees,1.929999999999998,0.5539485250722295
2012-05-01 11:56:52,bac,46.75,14.96,extra_trees,31.79,0.7106867777929767
2012-05-14 08:31:06,dnb,44.34,25.95,extra_trees,18.390000000000004,0.5404796793398046
2012-05-15 15:13:11,aapl,-9.81,27.35,extra_trees,-37.160000000000004,0.7932966353652684
2012-05-18 20:33:27,goog,51.43,31.53,extra_trees,19.9,0.5830834189354386
2012-05-19 01:45:21,ge,28.35,31.53,extra_trees,-3.1799999999999997,0.5319250078398539
2012-05-19 10:36:18,v,69.17,31.53,extra_trees,37.64,0.5129032573117556
2012-05-22 07:39:36,usb,16.85,28.31,extra_trees,-11.459999999999997,0.5298230143252153
2012-05-30 04:19:20,mrk,30.92,28.66,extra_trees,2.2600000000000016,0.5880816222426367
2012-06-10 06:27:18,phm,129.84,26.57,extra_trees,103.27000000000001,0.592024604276218
2012-06-10 08:21:25,anf,61.73,26.57,extra_trees,35.16,0.54385257839525
2012-06-10 08:23:11,hov,176.39,26.57,extra_trees,149.82,0.6467934045807366
2012-06-10 08:23:21,dhi,46.12,26.57,extra_trees,19.549999999999997,0.5559365610420283
2012-06-10 10:03:27,urbn,52.93,26.57,extra_trees,26.36,0.5320139758196853
2012-06-16 02:22:44,ma,37.98,23.71,extra_trees,14.269999999999996,0.7394257511546467
2012-06-20 09:37:20,s,125.88,19.65,extra_trees,106.22999999999999,0.7046317528205696
2012-06-20 10:04:58,low,41.85,19.65,extra_trees,22.200000000000003,0.5152344295252751
2012-06-20 10:12:22,wmt,9.1,19.65,extra_trees,-10.549999999999999,0.6338575685048258
2012-06-22 21:56:07,jpm,48.58,21.85,extra_trees,26.729999999999997,0.5612081850053002
2012-06-24 01:52:49,nok,59.66,20.31,extra_trees,39.349999999999994,0.5284622590196857
2012-06-27 02:46:17,jnpr,22.27,23.66,extra_trees,-1.3900000000000006,0.5484522413696803
2012-06-29 09:46:31,pfe,26.14,20.5,extra_trees,5.640000000000001,0.6360400608514697
2012-06-30 15:50:01,bax,37.26,20.5,extra_trees,16.759999999999998,0.5039042300398963
2012-07-01 05:19:14,bac,58.69,21.21,extra_trees,37.48,0.6608069569065786
2012-07-01 18:29:24,akam,35.34,21.21,extra_trees,14.130000000000003,0.5744431734487379
2012-07-01 20:48:59,aig,40.51,21.21,extra_trees,19.299999999999997,0.5229592324171561
2012-07-01 20:48:59,stz,96.42,21.21,extra_trees,75.21000000000001,0.5181768946464185
2012-07-02 17:33:35,thc,120.6,20.73,extra_trees,99.86999999999999,0.5422513152843097
2012-07-03 06:05:07,dsw,43.64,19.99,extra_trees,23.650000000000002,0.6964072830394058
2012-07-05 00:21:25,stx,90.34,21.84,extra_trees,68.5,0.557960796818796
2012-07-13 03:20:27,znga,-28.57,26.15,extra_trees,-54.72,0.5341836633865276
2012-07-13 10:02:58,aig,48.66,26.15,extra_trees,22.509999999999998,0.5195468595318442
2012-07-13 18:44:17,fslr,236.27,26.15,extra_trees,210.12,0.5341346277244863
2012-07-14 03:36:27,bac,76.9,26.15,extra_trees,50.75000000000001,0.6587319191297129
2012-07-14 05:17:04,gci,94.59,26.15,extra_trees,68.44,0.6246069788128131
2012-07-15 07:47:21,siri,81.82,26.64,extra_trees,55.17999999999999,0.7325027711669928
2012-07-16 18:22:38,goog,59.95,26.46,extra_trees,33.49,0.6147676033089637
2012-07-17 03:10:14,afl,39.21,25.92,extra_trees,13.29,0.5464792631267739
2012-07-17 13:58:10,cbs,66.6,25.92,extra_trees,40.67999999999999,0.5032052277661363
2012-07-22 03:08:59,jci,40.34,26.98,extra_trees,13.360000000000003,0.5208754508420292
2012-07-23 08:11:34,low,78.1,28.0,extra_trees,50.099999999999994,0.5243439694035102
2012-07-23 13:13:10,ges,25.2,28.0,extra_trees,-2.8000000000000007,0.5184834399003108
2012-07-23 18:32:30,aeo,2.12,28.0,extra_trees,-25.88,0.5595277881949722
2012-07-24 00:16:31,rsh,48.49,28.64,extra_trees,19.85,0.5307300629599505
2012-07-25 23:36:59,p,100.64,28.92,extra_trees,71.72,0.5802354228900451
2012-07-26 00:41:15,jpm,60.92,26.97,extra_trees,33.95,0.5598497325917934
2012-07-27 04:31:55,mpc,56.33,24.67,extra_trees,31.659999999999997,0.5870969326247837
2012-07-28 11:38:00,avp,46.64,24.67,extra_trees,21.97,0.5405073768031895
2012-07-28 11:44:22,mrk,11.65,24.67,extra_trees,-13.020000000000001,0.5093514688102309
2012-07-28 14:38:10,gnw,161.74,24.67,extra_trees,137.07,0.5171359715115268
2012-07-28 23:50:43,mchp,24.41,24.67,extra_trees,-0.26000000000000156,0.5451700051062995
2012-08-18 06:28:42,ma,49.83,19.24,extra_trees,30.59,0.7235104876552186
2012-08-19 04:16:01,rdc,-2.28,18.48,extra_trees,-20.76,0.5393565450917203
2012-08-21 00:53:18,s,37.01,18.68,extra_trees,18.33,0.6740563709303742
2012-08-22 14:38:22,lnc,89.25,19.71,extra_trees,69.53999999999999,0.5173644255591416
2012-08-29 02:32:56,urbn,12.5,18.61,extra_trees,-6.109999999999999,0.5180860737862214
2012-08-31 00:07:24,bac,77.41,18.52,extra_trees,58.89,0.5893251431039436
2012-09-01 13:32:36,low,63.73,18.52,extra_trees,45.209999999999994,0.5223343496019218
2012-09-04 07:05:00,ma,51.95,20.16,extra_trees,31.790000000000003,0.7404497623041765
2012-09-09 13:12:20,jnpr,11.54,18.74,extra_trees,-7.199999999999999,0.5223499084053846
2012-09-11 09:44:18,stx,40.69,20.34,extra_trees,20.349999999999998,0.5261746043453761
2012-09-11 10:40:30,fslr,81.65,20.34,extra_trees,61.31,0.5624178453152529
2012-09-18 09:52:13,nflx,447.48,20.66,extra_trees,426.82,0.5436058672384612
2012-09-20 12:57:29,wfc,25.22,19.55,extra_trees,5.669999999999998,0.5698657718472075
2012-09-21 08:18:43,ges,23.84,19.6,extra_trees,4.239999999999998,0.5353768379142222
2012-09-21 15:21:31,ges,23.84,19.6,extra_trees,4.239999999999998,0.5353768379142222
2012-09-23 14:04:56,ges,23.03,19.04,extra_trees,3.990000000000002,0.5389991656720232
2012-09-23 15:49:47,low,59.34,19.04,extra_trees,40.300000000000004,0.5106367522001095
2012-09-23 15:53:29,aapl,-17.11,19.04,extra_trees,-36.15,0.7124883451108046
2012-09-29 04:29:12,mrk,9.99,19.89,extra_trees,-9.9,0.5111154188992185
2012-10-01 10:48:37,ges,27.29,19.88,extra_trees,7.41,0.5432596483767029
2012-10-05 15:10:26,ipg,51.37,18.1,extra_trees,33.269999999999996,0.5723503960410011
2012-10-10 18:42:47,fhn,16.92,20.65,extra_trees,-3.729999999999997,0.5881833746125631
2012-10-11 10:08:06,ges,27.92,21.36,extra_trees,6.560000000000002,0.5734597315256708
2012-10-11 19:13:31,low,61.4,21.36,extra_trees,40.04,0.5068863918562163
2012-10-11 20:20:07,aapl,-7.2,21.36,extra_trees,-28.56,0.7447339165513779
2012-10-13 22:46:13,rsh,50.07,21.76,extra_trees,28.31,0.5549453574418701
2012-10-14 07:23:23,anf,5.51,22.25,extra_trees,-16.740000000000002,0.5896096755951011
2012-10-14 08:11:53,aeo,-35.74,22.25,extra_trees,-57.99,0.5423763876109102
2012-10-14 22:45:50,wmt,0.9,22.25,extra_trees,-21.35,0.7163939775593238
2012-10-15 09:41:26,amd,46.18,20.36,extra_trees,25.82,0.5224292377901218
2012-10-19 19:14:02,wmt,2.55,24.28,extra_trees,-21.73,0.7090311958780421
2012-10-20 15:20:52,flws,50.57,24.28,extra_trees,26.29,0.624272717466768
2012-10-21 01:32:38,goog,47.16,24.29,extra_trees,22.869999999999997,0.5346276164660714
2012-10-21 05:19:34,aapl,1.12,24.29,extra_trees,-23.169999999999998,0.75117002974545
2012-10-22 13:56:12,nflx,375.13,24.99,extra_trees,350.14,0.525004052024308
2012-10-24 01:52:29,mrk,4.56,26.92,extra_trees,-22.360000000000003,0.503438843516146
2012-10-25 02:10:24,nbr,19.34,27.13,extra_trees,-7.789999999999999,0.5218289910053422
2012-10-25 02:10:43,rdc,9.96,27.13,extra_trees,-17.169999999999998,0.5276311074804974
2012-11-01 16:37:56,znga,60.54,26.07,extra_trees,34.47,0.5043543261328441
2012-11-04 01:03:24,fslr,174.31,27.65,extra_trees,146.66,0.5521935676449238
2012-11-04 04:50:38,jci,37.37,27.65,extra_trees,9.719999999999999,0.5493306976565664
2012-11-04 04:51:47,ges,40.49,27.65,extra_trees,12.840000000000003,0.5849676228266216
2012-11-04 05:06:36,sfly,72.53,27.65,extra_trees,44.88,0.6227700538721522
2012-11-04 09:23:02,mgm,88.2,27.65,extra_trees,60.550000000000004,0.5052373752067681
2012-11-04 18:00:37,zion,33.09,27.65,extra_trees,5.440000000000005,0.5704921326427195
2012-11-05 07:45:47,rdc,11.33,26.98,extra_trees,-15.65,0.5115810408495254
2012-11-05 11:23:59,psa,21.85,26.98,extra_trees,-5.129999999999999,0.5616619533826643
2012-11-06 16:53:23,schl,-13.67,26.64,extra_trees,-40.31,0.5743411641386024
2012-11-07 15:11:00,anf,2.3,27.94,extra_trees,-25.64,0.5837372696079947
2012-11-07 17:26:33,jnpr,5.12,27.94,extra_trees,-22.82,0.5015576921931364
2012-11-10 00:28:49,znga,63.21,31.13,extra_trees,32.08,0.5113555477598682
2012-11-12 08:24:42,bac,53.02,30.78,extra_trees,22.240000000000002,0.5947759410109618
2012-11-14 06:23:04,siri,41.06,34.77,extra_trees,6.289999999999999,0.6022910392461609
2012-11-14 06:49:06,amd,82.38,34.77,extra_trees,47.60999999999999,0.5306330720750748
2012-11-14 15:54:00,nok,195.51,34.77,extra_trees,160.73999999999998,0.5677667650474
2012-11-18 16:58:05,siri,42.35,34.45,extra_trees,7.899999999999999,0.604528827754344
2012-11-18 19:25:34,amd,86.56,34.45,extra_trees,52.11,0.5271527568320928
2012-11-19 14:01:42,nok,165.31,31.49,extra_trees,133.82,0.5651928275491664
2012-11-26 12:48:12,clf,-16.69,30.9,extra_trees,-47.59,0.506522961770199
2012-11-26 16:03:03,ma,63.56,30.9,extra_trees,32.660000000000004,0.6546178397308765
2012-12-01 00:09:29,mrk,16.75,30.12,extra_trees,-13.370000000000001,0.5029969894010343
2012-12-05 05:50:21,fslr,99.67,29.23,extra_trees,70.44,0.5331513729160582
2012-12-05 09:14:20,schl,2.31,29.23,extra_trees,-26.92,0.5521714304960692
2012-12-11 03:05:36,gci,49.75,27.32,extra_trees,22.43,0.5258482165576047
2013-01-16 07:42:48,wmt,13.63,27.95,extra_trees,-14.319999999999999,0.7198337074432005
2013-01-16 10:43:29,goog,61.67,27.95,extra_trees,33.72,0.5080758531194965
2013-01-20 19:31:49,aapl,29.07,26.31,extra_trees,2.7600000000000016,0.7393476626905049
2013-01-21 13:19:18,amd,69.51,26.68,extra_trees,42.830000000000005,0.5252366138820962
2013-01-22 16:39:21,bac,51.55,26.08,extra_trees,25.47,0.609453750475688
2013-01-23 12:04:31,goog,56.45,24.85,extra_trees,31.6,0.5313774330129883
2013-01-29 18:59:06,siri,14.7,20.09,extra_trees,-5.390000000000001,0.5285278063113206
2013-01-30 10:59:32,wmt,9.8,21.84,extra_trees,-12.04,0.7291423294127582
2013-02-03 03:25:11,rdc,-10.6,17.49,extra_trees,-28.089999999999996,0.5096520422713797
2013-02-06 13:07:55,expe,0.12,19.78,extra_trees,-19.66,0.5152216346485172
2013-02-06 13:28:04,alxn,67.75,19.78,extra_trees,47.97,0.5040110915398652
2013-02-06 17:49:15,chrw,-11.08,19.78,extra_trees,-30.86,0.5560186649892688
2013-02-09 00:59:30,fslr,63.91,20.76,extra_trees,43.14999999999999,0.5214085768091741
2013-02-16 01:09:21,znga,52.19,23.42,extra_trees,28.769999999999996,0.5484000834681387
2013-03-15 01:14:22,grpn,55.1,20.36,extra_trees,34.74,0.6263111619867454
2013-03-15 01:31:09,nvda,43.83,20.36,extra_trees,23.47,0.5080189810522311
2013-03-15 02:24:36,ma,53.59,20.36,extra_trees,33.230000000000004,0.610312496388335
2013-03-17 14:31:53,bby,24.02,21.45,extra_trees,2.5700000000000003,0.5377613959337452
2013-03-17 22:38:53,dsw,19.4,21.45,extra_trees,-2.0500000000000007,0.6656903285441582
2013-03-30 07:22:01,anf,-14.31,20.78,extra_trees,-35.09,0.5084032427520906
2013-03-30 07:41:32,aeo,-32.48,20.78,extra_trees,-53.26,0.5703367074189288
2013-04-05 12:13:03,wfc,37.26,22.56,extra_trees,14.7,0.564356287570484
2013-04-06 07:44:32,x,62.12,22.56,extra_trees,39.56,0.5340624535590708
2013-04-12 01:52:51,s,32.64,16.61,extra_trees,16.03,0.5772564642704827
2013-04-22 01:02:22,rsh,31.35,22.74,extra_trees,8.610000000000003,0.556462897747237
2013-04-22 01:30:23,ea,62.73,22.74,extra_trees,39.989999999999995,0.5271538533633409
2013-04-22 01:56:15,fslr,83.54,22.74,extra_trees,60.80000000000001,0.560426177578151
2013-04-22 02:07:08,znga,41.18,22.74,extra_trees,18.44,0.5554498884573746
2013-04-22 02:10:03,rdc,-2.52,22.74,extra_trees,-25.259999999999998,0.5343483622612002
2013-04-22 02:17:30,grpn,21.11,22.74,extra_trees,-1.629999999999999,0.5979994796865401
2013-04-22 02:18:04,nbr,68.64,22.74,extra_trees,45.900000000000006,0.5016179633758788
2013-04-22 02:26:51,wmt,1.92,22.74,extra_trees,-20.82,0.6976925096831454
2013-04-22 02:41:06,etfc,122.05,22.74,extra_trees,99.31,0.5663952003392531
2013-04-22 02:41:34,hov,-10.92,22.74,extra_trees,-33.66,0.6629752450968339
2013-04-22 02:43:35,amd,74.8,22.74,extra_trees,52.06,0.5100470859836173
2013-04-22 02:53:15,dal,132.48,22.74,extra_trees,109.74,0.5224376816885797
2013-04-22 03:09:54,ipg,30.61,22.74,extra_trees,7.870000000000001,0.5091533517954814
2013-04-22 03:29:59,x,66.44,22.74,extra_trees,43.7,0.538429593908994
2013-04-22 04:35:41,schl,28.2,22.74,extra_trees,5.460000000000001,0.5827565961896252
2013-04-22 08:07:38,bby,5.65,22.74,extra_trees,-17.089999999999996,0.52678334365835
2013-04-22 18:49:03,aiz,44.32,22.74,extra_trees,21.580000000000002,0.5033657235692154
2013-04-23 01:21:47,nvda,50.74,21.2,extra_trees,29.540000000000003,0.517861844066835
2013-04-23 03:01:29,aapl,54.4,21.2,extra_trees,33.2,0.7100158810604658
2013-04-23 03:43:51,trow,8.62,21.2,extra_trees,-12.58,0.5638235692689719
2013-04-23 04:17:59,chrw,3.03,21.2,extra_trees,-18.169999999999998,0.5206286433137234
2013-04-23 07:52:30,jnpr,43.2,21.2,extra_trees,22.000000000000004,0.5007592824120692
2013-04-23 10:04:36,mchp,40.47,21.2,extra_trees,19.27,0.5337381808080202
2013-04-23 17:01:02,clf,8.27,21.2,extra_trees,-12.93,0.5060780006743081
2013-04-23 20:34:55,siri,1.93,21.2,extra_trees,-19.27,0.5509954286806666
2013-04-25 00:09:21,ma,36.63,19.89,extra_trees,16.740000000000002,0.5982301538406426
2013-04-25 00:39:38,jcp,-47.64,19.89,extra_trees,-67.53,0.5210822107880404
2013-04-25 01:02:19,tss,28.91,19.89,extra_trees,9.02,0.5007086559947715
2013-04-25 02:13:39,ma,36.63,19.89,extra_trees,16.740000000000002,0.5982301538406426
2013-04-25 02:27:46,sfly,-13.66,19.89,extra_trees,-33.55,0.7044908582980437
2013-04-25 03:54:59,dnb,20.49,19.89,extra_trees,0.5999999999999979,0.5589616571246133
2013-04-25 05:44:22,flws,-1.06,19.89,extra_trees,-20.95,0.6418416070272758
2013-04-25 16:49:59,siri,0.0,19.89,extra_trees,-19.89,0.5453519812278476
2013-04-25 16:53:28,etfc,118.11,19.89,extra_trees,98.22,0.5609897222136633
2013-04-25 19:57:08,vrsn,2.28,19.89,extra_trees,-17.61,0.5161442221915726
2013-04-25 19:59:10,dal,122.99,19.89,extra_trees,103.1,0.5785361940279652
2013-04-26 03:38:02,s,9.83,20.1,extra_trees,-10.270000000000001,0.5962213671507529
2013-04-26 07:09:40,hov,-22.05,20.1,extra_trees,-42.150000000000006,0.6638773142548858
2013-04-26 11:30:26,ntri,84.56,20.1,extra_trees,64.46000000000001,0.6059748246835492
2013-05-05 19:05:15,flir,44.1,19.12,extra_trees,24.98,0.5303912769612569
2013-05-07 10:15:11,rdc,-8.33,17.88,extra_trees,-26.21,0.5071450168501681
2013-05-08 21:34:35,wmt,3.05,17.22,extra_trees,-14.169999999999998,0.6964997265287443
2013-05-09 12:23:50,trow,11.27,17.72,extra_trees,-6.449999999999999,0.542611166534262
2013-05-10 00:28:28,chrw,4.89,17.34,extra_trees,-12.45,0.5271282426885898
2013-05-10 01:45:27,dds,10.23,17.34,extra_trees,-7.109999999999999,0.5447873724759245
2013-05-10 05:43:27,znga,7.74,17.34,extra_trees,-9.6,0.5460440370654296
2013-05-10 12:59:12,aeo,-39.71,17.34,extra_trees,-57.05,0.5810193753687921
2013-05-10 17:01:24,jnpr,41.71,17.34,extra_trees,24.37,0.5148097924972744
2013-05-11 06:30:56,mchp,30.41,17.34,extra_trees,13.07,0.5668103772692464
2013-05-11 10:25:56,grpn,-3.2,17.34,extra_trees,-20.54,0.6050096344347636
2013-05-11 13:35:20,clf,-25.62,17.34,extra_trees,-42.96,0.524916208133292
2013-05-11 18:45:58,ges,-1.37,17.34,extra_trees,-18.71,0.5628082456189049
2013-05-12 08:43:13,gt,90.4,18.48,extra_trees,71.92,0.5621594138306283
2013-05-12 16:39:44,schl,13.76,18.48,extra_trees,-4.720000000000001,0.5792928181147962
2013-05-13 14:33:18,sks,-50.99,18.5,extra_trees,-69.49000000000001,0.520709416123169
2013-05-13 15:24:02,dsw,2.22,18.5,extra_trees,-16.28,0.6491113586104227
2013-05-13 22:03:23,bby,5.15,18.5,extra_trees,-13.35,0.5232364331300189
2013-05-14 09:55:11,x,38.8,16.73,extra_trees,22.069999999999997,0.5498690749648497
2013-05-14 10:14:45,bks,-20.79,16.73,extra_trees,-37.519999999999996,0.5069741960809561
2013-05-14 23:43:02,gnw,65.73,16.73,extra_trees,49.0,0.5020751243556946
2013-05-15 12:09:53,p,42.61,15.08,extra_trees,27.53,0.5710026889513501
2013-05-15 12:12:56,fhn,0.95,15.08,extra_trees,-14.13,0.5707652681181191
2013-05-16 17:00:56,goog,15.32,16.03,extra_trees,-0.7100000000000009,0.508696480056289
2013-05-16 21:45:30,bac,8.9,16.03,extra_trees,-7.130000000000001,0.5601349934101587
2013-05-16 23:28:32,aapl,63.08,16.03,extra_trees,47.05,0.681423323575049
2013-05-18 08:40:27,zion,2.87,14.92,extra_trees,-12.05,0.5126076134754751
2013-05-18 11:19:35,wfc,26.54,14.92,extra_trees,11.62,0.5182785699622411
2013-05-21 06:58:47,gme,3.3,15.42,extra_trees,-12.120000000000001,0.5026960708929435
2013-05-21 08:39:05,lsi,10.91,15.42,extra_trees,-4.51,0.6772561936687228
2013-05-22 23:12:01,rsh,39.27,16.56,extra_trees,22.710000000000004,0.513073262939688
2013-05-23 20:11:38,nfx,43.02,17.37,extra_trees,25.650000000000002,0.5180777591911608
2013-05-23 20:34:05,wtw,-52.13,17.37,extra_trees,-69.5,0.5652838752679357
2013-05-24 04:30:36,expr,-28.07,17.47,extra_trees,-45.54,0.5450372901395343
2013-05-25 07:42:02,psa,9.0,17.47,extra_trees,-8.469999999999999,0.5316297760563101
2013-06-21 14:09:59,jcp,-43.43,25.6,extra_trees,-69.03,0.5245543502790508
2013-06-21 19:06:36,wpx,25.78,25.6,extra_trees,0.17999999999999972,0.5493431456159344
2013-06-21 23:32:03,wpx,25.78,25.6,extra_trees,0.17999999999999972,0.5493431456159344
2013-06-26 13:46:05,ter,12.21,24.44,extra_trees,-12.23,0.6934932331472669
2013-06-27 14:49:04,wpx,19.46,23.96,extra_trees,-4.5,0.5536502816123899
2013-08-07 10:10:37,bks,22.33,15.13,extra_trees,7.1999999999999975,0.5380072030974097
2013-08-11 02:30:32,aapl,68.15,16.71,extra_trees,51.440000000000005,0.6378959949062147
2013-08-18 08:54:27,goog,36.01,21.35,extra_trees,14.659999999999997,0.512665541237721
2013-09-02 11:16:26,wmt,6.42,24.99,extra_trees,-18.57,0.7422704013730077
2012-01-01 08:29:08,nwl,41.03,15.99,random_forest,25.04,0.561526940975241
2012-01-01 09:11:12,bac,109.83,15.99,random_forest,93.84,0.752918292102292
2012-01-01 09:30:57,ge,21.59,15.99,random_forest,5.6,0.5172080010138819
2012-01-01 10:02:29,s,142.31,15.99,random_forest,126.32000000000001,0.8228838000685799
2012-01-01 13:36:26,biib,33.0,15.99,random_forest,17.009999999999998,0.53604318384849
2012-01-01 17:41:35,dal,46.72,15.99,random_forest,30.729999999999997,0.6302220460533274
2012-01-01 20:57:00,aeo,47.5,15.99,random_forest,31.509999999999998,0.7413416151554237
2012-01-01 23:06:14,wfc,27.35,15.99,random_forest,11.360000000000001,0.8513788179552746
2012-01-01 23:13:40,abt,24.6,15.99,random_forest,8.610000000000001,0.5629692130073068
2012-01-01 23:13:40,wdc,39.07,15.99,random_forest,23.08,0.6682458595798596
2012-01-02 04:15:13,pfe,20.43,15.99,random_forest,4.4399999999999995,0.7981395617548651
2012-01-02 19:36:41,v,54.05,15.99,random_forest,38.059999999999995,0.655274276508573
2012-01-02 19:39:36,aig,52.16,15.99,random_forest,36.169999999999995,0.5524278853622786
2012-01-03 13:31:10,jpm,32.38,17.1,random_forest,15.280000000000001,0.6993507131768252
2012-01-03 13:50:51,dis,35.43,17.1,random_forest,18.33,0.6072836340199826
2012-01-03 19:26:58,sti,59.3,17.1,random_forest,42.199999999999996,0.6120159859436805
2012-01-04 02:27:50,ci,25.9,16.65,random_forest,9.25,0.561159369512378
2012-01-07 09:19:59,wmt,19.93,17.15,random_forest,2.780000000000001,0.7849556732187792
2012-01-07 14:19:13,hd,49.45,17.15,random_forest,32.300000000000004,0.6045426421418107
2012-01-08 08:59:52,aapl,32.06,16.83,random_forest,15.230000000000004,0.8761986523278957
2012-01-11 04:22:41,gme,-2.99,16.36,random_forest,-19.35,0.5024017534886553
2012-01-13 14:12:49,ipg,13.44,16.68,random_forest,-3.24,0.5014455677095748
2012-01-14 11:04:15,wmt,18.11,16.68,random_forest,1.4299999999999997,0.773990176194586
2012-01-18 22:16:00,oke,7.57,15.69,random_forest,-8.12,0.5466635838007401
2012-01-24 22:16:47,dfs,41.15,16.14,random_forest,25.009999999999998,0.5689906724247746
2012-01-27 14:56:29,mrk,17.54,16.51,random_forest,1.0299999999999976,0.6382660416571101
2012-01-28 00:34:11,ma,52.83,16.51,random_forest,36.31999999999999,0.8029353686176962
2012-01-28 06:06:40,ivz,26.06,16.51,random_forest,9.549999999999997,0.5734987421469092
2012-01-28 06:09:47,dlph,44.59,16.51,random_forest,28.080000000000002,0.6491316248545892
2012-01-28 06:10:10,mpc,87.8,16.51,random_forest,71.28999999999999,0.6569446594977496
2012-01-28 15:14:39,ivz,26.06,16.51,random_forest,9.549999999999997,0.5734987421469092
2012-01-28 15:18:06,dlph,44.59,16.51,random_forest,28.080000000000002,0.6501505488000604
2012-01-28 15:18:37,mpc,87.8,16.51,random_forest,71.28999999999999,0.6569446594977496
2012-01-29 10:20:33,dfs,41.94,16.37,random_forest,25.569999999999997,0.5577333205418229
2012-01-30 04:34:27,pfe,33.38,17.23,random_forest,16.150000000000002,0.7398747833833826
2012-02-01 09:42:38,dfs,40.17,15.51,random_forest,24.660000000000004,0.6329376648206144
2012-02-01 18:13:31,hov,126.59,15.51,random_forest,111.08,0.6838140070011708
2012-02-03 03:48:15,dfs,39.16,14.91,random_forest,24.249999999999996,0.6171168714921585
2012-02-04 03:41:42,goog,30.06,14.91,random_forest,15.149999999999999,0.5651694772457464
2012-02-04 11:55:01,dfs,39.16,14.91,random_forest,24.249999999999996,0.6137932977872766
2012-02-06 16:16:09,dfs,40.58,14.84,random_forest,25.74,0.6106818083820259
2012-02-11 00:32:10,dfs,43.24,15.49,random_forest,27.75,0.6085367513060543
2012-02-13 01:32:02,dfs,39.33,14.8,random_forest,24.529999999999998,0.5967863231939609
2012-02-17 07:08:15,dfs,34.14,13.98,random_forest,20.16,0.5950470130868439
2012-02-20 00:36:36,dfs,35.44,14.84,random_forest,20.599999999999998,0.5984416398718295
2012-02-24 14:56:40,dfs,30.38,13.39,random_forest,16.99,0.5968376216800589
2012-02-26 11:45:56,dfs,27.2,11.23,random_forest,15.969999999999999,0.597159445977893
2012-02-29 05:10:45,gci,42.76,13.1,random_forest,29.659999999999997,0.590862536288392
2012-02-29 09:00:05,dfs,29.95,13.1,random_forest,16.85,0.5791750875701909
2012-03-01 09:23:44,dfs,28.97,12.89,random_forest,16.08,0.5806095965186351
2012-03-01 23:19:11,bac,40.29,12.89,random_forest,27.4,0.6588826139370382
2012-03-02 20:56:30,abt,28.73,13.23,random_forest,15.5,0.5341147223695342
2012-03-04 13:38:54,dfs,31.81,13.84,random_forest,17.97,0.575850017037464
2012-03-04 16:38:42,gnw,1.45,13.84,random_forest,-12.39,0.5167392762717067
2012-03-06 03:43:58,sfly,54.42,17.2,random_forest,37.22,0.7315033841243956
2012-03-06 19:42:19,v,44.83,17.2,random_forest,27.63,0.5416551117199611
2012-03-07 17:08:49,fslr,1.16,16.6,random_forest,-15.440000000000001,0.5225125574859893
2012-03-09 03:57:50,rf,41.39,15.5,random_forest,25.89,0.5570264997831283
2012-03-09 07:00:14,wfc,18.73,15.5,random_forest,3.2300000000000004,0.575915351021645
2012-03-09 07:22:13,usb,18.0,15.5,random_forest,2.5,0.5921601764257348
2012-03-09 14:15:49,fhn,10.89,15.5,random_forest,-4.609999999999999,0.5868261789781803
2012-03-09 20:40:39,wfc,18.73,15.5,random_forest,3.2300000000000004,0.5674868175264144
2012-03-09 23:59:18,zion,33.49,15.5,random_forest,17.990000000000002,0.7031402883317471
2012-03-10 02:13:15,bac,50.61,15.5,random_forest,35.11,0.6508200590937495
2012-03-10 07:53:56,aig,40.11,15.5,random_forest,24.61,0.5443255974575628
2012-03-10 10:31:12,usb,18.0,15.5,random_forest,2.5,0.5660413828477417
2012-03-11 04:48:46,all,54.38,15.93,random_forest,38.45,0.5401541095823557
2012-03-11 13:28:28,pfe,36.43,15.93,random_forest,20.5,0.683543145103109
2012-03-12 14:42:43,s,117.65,15.67,random_forest,101.98,0.749747652793531
2012-03-13 08:47:34,fslr,-1.54,13.78,random_forest,-15.32,0.5123698425247935
2012-03-13 09:39:10,goog,33.59,13.78,random_forest,19.810000000000002,0.5298009833630732
2012-03-15 02:07:35,s,107.5,13.7,random_forest,93.8,0.7505354179067902
2012-03-16 00:12:56,fslr,-8.49,13.54,random_forest,-22.03,0.5243749332239908
2012-03-16 01:19:55,goog,30.28,13.54,random_forest,16.740000000000002,0.5039251669812993
2012-03-16 04:45:49,gme,12.6,13.54,random_forest,-0.9399999999999995,0.5115476437048997
2012-03-16 06:16:11,siri,40.14,13.54,random_forest,26.6,0.6042710594319378
2012-03-18 08:32:39,gt,10.28,12.91,random_forest,-2.630000000000001,0.575796898680469
2012-03-19 15:36:23,unp,28.85,12.21,random_forest,16.64,0.5107334519740865
2012-03-20 09:56:00,akam,-3.54,13.32,random_forest,-16.86,0.5058780856088739
2012-03-20 11:47:16,lsi,34.95,13.32,random_forest,21.630000000000003,0.6580863791767234
2012-03-21 16:29:37,s,117.99,12.54,random_forest,105.44999999999999,0.7537821716121599
2012-03-24 15:41:10,ma,25.25,13.9,random_forest,11.35,0.6689524640528464
2012-03-24 20:52:28,mrk,20.15,13.9,random_forest,6.249999999999998,0.5458357423760979
2012-03-28 22:01:09,jci,20.62,14.01,random_forest,6.610000000000001,0.5595992206845457
2012-03-29 20:32:53,sti,20.24,14.21,random_forest,6.029999999999998,0.5617583292533986
2012-03-30 03:54:23,mrk,19.74,13.74,random_forest,5.999999999999998,0.5415688902806033
2012-04-03 20:21:23,phm,120.02,12.33,random_forest,107.69,0.6562708929585703
2012-04-20 13:41:10,low,22.86,15.21,random_forest,7.649999999999999,0.501263071400895
2012-04-21 12:27:28,hov,147.24,15.21,random_forest,132.03,0.6452081722091949
2012-04-21 13:17:23,len,48.84,15.21,random_forest,33.63,0.5217305484759072
2012-05-01 11:56:52,bac,46.75,14.96,random_forest,31.79,0.6857797765018832
2012-05-15 15:13:11,aapl,-9.81,27.35,random_forest,-37.160000000000004,0.8128283349362124
2012-05-18 20:33:27,goog,51.43,31.53,random_forest,19.9,0.5564359462595186
2012-05-19 10:36:18,v,69.17,31.53,random_forest,37.64,0.5282250976815137
2012-05-22 07:39:36,usb,16.85,28.31,random_forest,-11.459999999999997,0.5161306395192633
2012-05-30 04:19:20,mrk,30.92,28.66,random_forest,2.2600000000000016,0.5422271648269454
2012-06-10 06:27:18,phm,129.84,26.57,random_forest,103.27000000000001,0.6312804758761001
2012-06-10 08:21:25,anf,61.73,26.57,random_forest,35.16,0.5279913208936708
2012-06-10 08:23:11,hov,176.39,26.57,random_forest,149.82,0.6219028005233348
2012-06-10 08:23:21,dhi,46.12,26.57,random_forest,19.549999999999997,0.5768045288180496
2012-06-16 02:22:44,ma,37.98,23.71,random_forest,14.269999999999996,0.6752004087344462
2012-06-20 09:37:20,s,125.88,19.65,random_forest,106.22999999999999,0.6976811591192604
2012-06-20 10:12:22,wmt,9.1,19.65,random_forest,-10.549999999999999,0.5949562798822894
2012-06-22 21:56:07,jpm,48.58,21.85,random_forest,26.729999999999997,0.5330575323438403
2012-06-24 01:52:49,nok,59.66,20.31,random_forest,39.349999999999994,0.5167169578575664
2012-06-29 09:46:31,pfe,26.14,20.5,random_forest,5.640000000000001,0.6310056485429296
2012-07-01 05:19:14,bac,58.69,21.21,random_forest,37.48,0.5764005139153232
2012-07-01 18:29:24,akam,35.34,21.21,random_forest,14.130000000000003,0.6005298322123505
2012-07-01 20:48:59,aig,40.51,21.21,random_forest,19.299999999999997,0.5082261107065472
2012-07-02 17:33:35,thc,120.6,20.73,random_forest,99.86999999999999,0.5861376689762082
2012-07-03 06:05:07,dsw,43.64,19.99,random_forest,23.650000000000002,0.8086615055882924
2012-07-13 10:02:58,aig,48.66,26.15,random_forest,22.509999999999998,0.5060268700125132
2012-07-14 03:36:27,bac,76.9,26.15,random_forest,50.75000000000001,0.598055607469383
2012-07-14 05:17:04,gci,94.59,26.15,random_forest,68.44,0.6141794701668454
2012-07-15 07:47:21,siri,81.82,26.64,random_forest,55.17999999999999,0.5887975386376686
2012-07-16 18:22:38,goog,59.95,26.46,random_forest,33.49,0.5727337174651368
2012-07-17 03:10:14,afl,39.21,25.92,random_forest,13.29,0.5116099818817246
2012-07-23 18:32:30,aeo,2.12,28.0,random_forest,-25.88,0.5385838442382765
2012-07-26 10:09:10,oke,23.16,26.97,random_forest,-3.8099999999999987,0.5041076012495153
2012-07-27 04:31:55,mpc,56.33,24.67,random_forest,31.659999999999997,0.570441965157679
2012-07-28 11:38:00,avp,46.64,24.67,random_forest,21.97,0.5195854906791146
2012-08-15 11:02:12,amd,-11.93,20.68,random_forest,-32.61,0.512820168486766
2012-08-18 06:28:42,ma,49.83,19.24,random_forest,30.59,0.6629749489923247
2012-08-21 00:53:18,s,37.01,18.68,random_forest,18.33,0.6064103985361344
2012-08-31 00:07:24,bac,77.41,18.52,random_forest,58.89,0.5373102532784285
2012-09-04 07:05:00,ma,51.95,20.16,random_forest,31.790000000000003,0.6731451511374732
2012-09-11 10:40:30,fslr,81.65,20.34,random_forest,61.31,0.5706051318900763
2012-09-21 08:18:43,ges,23.84,19.6,random_forest,4.239999999999998,0.5031322198117839
2012-09-21 15:21:31,ges,23.84,19.6,random_forest,4.239999999999998,0.5031322198117839
2012-09-23 14:04:56,ges,23.03,19.04,random_forest,3.990000000000002,0.5100563887549684
2012-09-23 15:53:29,aapl,-17.11,19.04,random_forest,-36.15,0.7380170936573477
2012-10-01 10:48:37,ges,27.29,19.88,random_forest,7.41,0.5255384877484243
2012-10-10 18:42:47,fhn,16.92,20.65,random_forest,-3.729999999999997,0.5974889347317065
2012-10-11 10:08:06,ges,27.92,21.36,random_forest,6.560000000000002,0.523609140187847
2012-10-11 20:20:07,aapl,-7.2,21.36,random_forest,-28.56,0.7463168547424013
2012-10-13 22:46:13,rsh,50.07,21.76,random_forest,28.31,0.510551980971531
2012-10-14 22:45:50,wmt,0.9,22.25,random_forest,-21.35,0.609392406959649
2012-10-15 09:41:26,amd,46.18,20.36,random_forest,25.82,0.564107600064778
2012-10-19 19:14:02,wmt,2.55,24.28,random_forest,-21.73,0.6084320568366499
2012-10-21 05:19:34,aapl,1.12,24.29,random_forest,-23.169999999999998,0.7417383475274872
2012-10-25 02:10:24,nbr,19.34,27.13,random_forest,-7.789999999999999,0.5011129544765661
2012-10-25 02:10:43,rdc,9.96,27.13,random_forest,-17.169999999999998,0.5177273696703373
2012-11-04 01:03:24,fslr,174.31,27.65,random_forest,146.66,0.5259598107111203
2012-11-04 04:51:47,ges,40.49,27.65,random_forest,12.840000000000003,0.5297311570195273
2012-11-04 05:06:36,sfly,72.53,27.65,random_forest,44.88,0.6590654773802983
2012-11-04 18:00:37,zion,33.09,27.65,random_forest,5.440000000000005,0.6102278878766404
2012-11-05 11:23:59,psa,21.85,26.98,random_forest,-5.129999999999999,0.5895278358056774
2012-11-12 08:24:42,bac,53.02,30.78,random_forest,22.240000000000002,0.5159957367498361
2012-11-12 11:30:45,aig,50.99,30.78,random_forest,20.21,0.5104485557852488
2012-11-14 06:49:06,amd,82.38,34.77,random_forest,47.60999999999999,0.5979773738750552
2012-11-14 15:54:00,nok,195.51,34.77,random_forest,160.73999999999998,0.5102712644766882
2012-11-18 19:25:34,amd,86.56,34.45,random_forest,52.11,0.6043762842100185
2012-11-19 14:01:42,nok,165.31,31.49,random_forest,133.82,0.50713870812107
2012-11-26 16:03:03,ma,63.56,30.9,random_forest,32.660000000000004,0.6039283118012586
2012-12-24 00:30:38,gme,105.43,31.1,random_forest,74.33000000000001,0.5809051751163588
2013-01-16 07:42:48,wmt,13.63,27.95,random_forest,-14.319999999999999,0.6157445479717095
2013-01-20 19:31:49,aapl,29.07,26.31,random_forest,2.7600000000000016,0.6932238542115172
2013-01-21 13:19:18,amd,69.51,26.68,random_forest,42.830000000000005,0.6338784136419313
2013-01-22 16:39:21,bac,51.55,26.08,random_forest,25.47,0.6095797392501108
2013-01-30 10:56:28,aig,30.28,21.84,random_forest,8.440000000000001,0.503500846840374
2013-01-30 10:59:32,wmt,9.8,21.84,random_forest,-12.04,0.6212821771888759
2013-02-06 17:49:15,chrw,-11.08,19.78,random_forest,-30.86,0.5283233889604778
2013-02-16 01:09:21,znga,52.19,23.42,random_forest,28.769999999999996,0.6210198486031285
2013-03-15 01:14:22,grpn,55.1,20.36,random_forest,34.74,0.6415639680632528
2013-03-15 01:31:09,nvda,43.83,20.36,random_forest,23.47,0.5024872956290255
2013-03-15 02:24:36,ma,53.59,20.36,random_forest,33.230000000000004,0.5697299939063397
2013-03-17 22:38:53,dsw,19.4,21.45,random_forest,-2.0500000000000007,0.7919739880229543
2013-03-18 17:23:07,dfs,31.32,22.99,random_forest,8.330000000000002,0.5058769061725163
2013-03-30 07:22:01,anf,-14.31,20.78,random_forest,-35.09,0.5077090083506147
2013-03-30 07:41:32,aeo,-32.48,20.78,random_forest,-53.26,0.6501440944643737
2013-04-06 07:44:32,x,62.12,22.56,random_forest,39.56,0.5800018970833146
2013-04-12 01:52:51,s,32.64,16.61,random_forest,16.03,0.5222473009507315
2013-04-22 01:02:22,rsh,31.35,22.74,random_forest,8.610000000000003,0.50976223208818
2013-04-22 01:30:37,gme,33.68,22.74,random_forest,10.940000000000001,0.5560254804298413
2013-04-22 01:56:15,fslr,83.54,22.74,random_forest,60.80000000000001,0.5064221030058133
2013-04-22 02:07:08,znga,41.18,22.74,random_forest,18.44,0.6283794239564817
2013-04-22 02:10:03,rdc,-2.52,22.74,random_forest,-25.259999999999998,0.5413842434509063
2013-04-22 02:17:30,grpn,21.11,22.74,random_forest,-1.629999999999999,0.6402300976962375
2013-04-22 02:26:51,wmt,1.92,22.74,random_forest,-20.82,0.6086550463343915
2013-04-22 02:29:04,usb,28.17,22.74,random_forest,5.430000000000003,0.5068688134417064
2013-04-22 02:41:06,etfc,122.05,22.74,random_forest,99.31,0.5450886728842137
2013-04-22 02:41:34,hov,-10.92,22.74,random_forest,-33.66,0.6713090068479122
2013-04-22 02:43:35,amd,74.8,22.74,random_forest,52.06,0.5631299358283577
2013-04-22 03:29:59,x,66.44,22.74,random_forest,43.7,0.590210125195506
2013-04-22 08:22:07,aiv,1.27,22.74,random_forest,-21.47,0.568215718515056
2013-04-23 01:21:47,nvda,50.74,21.2,random_forest,29.540000000000003,0.5156516072273482
2013-04-23 03:01:29,aapl,54.4,21.2,random_forest,33.2,0.5914047288980229
2013-04-23 03:43:51,trow,8.62,21.2,random_forest,-12.58,0.5288040989348312
2013-04-23 04:34:14,csco,15.86,21.2,random_forest,-5.34,0.5045819808512896
2013-04-23 17:01:02,clf,8.27,21.2,random_forest,-12.93,0.5352489479219575
2013-04-25 00:09:21,ma,36.63,19.89,random_forest,16.740000000000002,0.5547795102956651
2013-04-25 02:13:39,ma,36.63,19.89,random_forest,16.740000000000002,0.5547795102956651
2013-04-25 02:27:46,sfly,-13.66,19.89,random_forest,-33.55,0.7868090050835191
2013-04-25 05:44:22,flws,-1.06,19.89,random_forest,-20.95,0.5396487870105617
2013-04-25 16:53:28,etfc,118.11,19.89,random_forest,98.22,0.5424845694183286
2013-04-25 19:59:10,dal,122.99,19.89,random_forest,103.1,0.5362929553642947
2013-04-26 01:19:47,csco,14.71,20.1,random_forest,-5.390000000000001,0.5019095177211994
2013-04-26 03:38:02,s,9.83,20.1,random_forest,-10.270000000000001,0.5098562350959622
2013-04-26 07:09:40,hov,-22.05,20.1,random_forest,-42.150000000000006,0.6761013268377947
2013-04-26 11:30:26,ntri,84.56,20.1,random_forest,64.46000000000001,0.6023190947391353
2013-05-07 10:15:11,rdc,-8.33,17.88,random_forest,-26.21,0.5312084148761056
2013-05-08 21:34:35,wmt,3.05,17.22,random_forest,-14.169999999999998,0.5973995975550886
2013-05-09 12:23:50,trow,11.27,17.72,random_forest,-6.449999999999999,0.5300643762514029
2013-05-10 05:43:27,znga,7.74,17.34,random_forest,-9.6,0.6305552509075161
2013-05-10 12:59:12,aeo,-39.71,17.34,random_forest,-57.05,0.6185398488914168
2013-05-11 10:25:56,grpn,-3.2,17.34,random_forest,-20.54,0.6554550511582521
2013-05-11 13:35:20,clf,-25.62,17.34,random_forest,-42.96,0.50903357342261
2013-05-11 20:14:11,amd,-2.03,17.34,random_forest,-19.37,0.5184188224259603
2013-05-12 08:43:13,gt,90.4,18.48,random_forest,71.92,0.5775802288864124
2013-05-13 15:24:02,dsw,2.22,18.5,random_forest,-16.28,0.7070113602903126
2013-05-14 20:29:12,aiv,-1.43,16.73,random_forest,-18.16,0.500839135092204
2013-05-15 12:12:56,fhn,0.95,15.08,random_forest,-14.13,0.5573609787558707
2013-05-16 21:45:30,bac,8.9,16.03,random_forest,-7.130000000000001,0.5257010665981595
2013-05-16 23:28:32,aapl,63.08,16.03,random_forest,47.05,0.5897124062459735
2013-05-21 06:58:47,gme,3.3,15.42,random_forest,-12.120000000000001,0.5234948927903716
2013-05-21 08:39:05,lsi,10.91,15.42,random_forest,-4.51,0.6641278118980419
2013-05-23 20:11:38,nfx,43.02,17.37,random_forest,25.650000000000002,0.5040614016940436
2013-05-25 07:42:02,psa,9.0,17.47,random_forest,-8.469999999999999,0.5645410960245881
2013-06-26 13:46:05,ter,12.21,24.44,random_forest,-12.23,0.6041221196710508
2013-09-02 11:16:26,wmt,6.42,24.99,random_forest,-18.57,0.6374454035890816
2012-01-01 09:11:12,bac,109.83,15.99,gradient_boosting,93.84,0.6952939485273701
2012-01-01 10:02:29,s,142.31,15.99,gradient_boosting,126.32000000000001,0.6125414309206006
2012-01-01 17:41:35,dal,46.72,15.99,gradient_boosting,30.729999999999997,0.5668795662216608
2012-01-01 20:57:00,aeo,47.5,15.99,gradient_boosting,31.509999999999998,0.5010845968624981
2012-01-01 23:13:40,wdc,39.07,15.99,gradient_boosting,23.08,0.564365767024557
2012-01-02 04:15:13,pfe,20.43,15.99,gradient_boosting,4.4399999999999995,0.5738406293715775
2012-01-03 14:14:19,cim,5.98,17.1,gradient_boosting,-11.120000000000001,0.5581269066581336
2012-01-07 09:19:59,wmt,19.93,17.15,gradient_boosting,2.780000000000001,0.583068824700522
2012-01-08 08:59:52,aapl,32.06,16.83,gradient_boosting,15.230000000000004,0.7961770688730382
2012-01-14 11:04:15,wmt,18.11,16.68,gradient_boosting,1.4299999999999997,0.583068824700522
2012-01-28 00:34:11,ma,52.83,16.51,gradient_boosting,36.31999999999999,0.6728603142585545
2012-01-28 06:09:47,dlph,44.59,16.51,gradient_boosting,28.080000000000002,0.5330517484076908
2012-01-28 12:10:07,mnst,-13.12,16.51,gradient_boosting,-29.630000000000003,0.5563005141280342
2012-01-28 15:18:06,dlph,44.59,16.51,gradient_boosting,28.080000000000002,0.5330517484076908
2012-01-30 04:34:27,pfe,33.38,17.23,gradient_boosting,16.150000000000002,0.5491791724392822
2012-02-01 18:13:31,hov,126.59,15.51,gradient_boosting,111.08,0.6285276412464879
2012-02-04 03:41:42,goog,30.06,14.91,gradient_boosting,15.149999999999999,0.5142745132941134
2012-03-01 23:19:11,bac,40.29,12.89,gradient_boosting,27.4,0.5412609406525657
2012-03-06 03:43:58,sfly,54.42,17.2,gradient_boosting,37.22,0.5924369082788006
2012-03-09 03:57:50,rf,41.39,15.5,gradient_boosting,25.89,0.5260161652224801
2012-03-09 14:15:49,fhn,10.89,15.5,gradient_boosting,-4.609999999999999,0.5615294564414027
2012-03-09 23:59:18,zion,33.49,15.5,gradient_boosting,17.990000000000002,0.6681701190918483
2012-03-10 02:13:15,bac,50.61,15.5,gradient_boosting,35.11,0.5412609406525657
2012-03-11 13:28:28,pfe,36.43,15.93,gradient_boosting,20.5,0.5491791724392822
2012-03-12 14:42:43,s,117.65,15.67,gradient_boosting,101.98,0.5154522709898501
2012-03-15 02:07:35,s,107.5,13.7,gradient_boosting,93.8,0.5154522709898501
2012-03-20 09:56:00,akam,-3.54,13.32,gradient_boosting,-16.86,0.5033289288048469
2012-03-20 11:47:16,lsi,34.95,13.32,gradient_boosting,21.630000000000003,0.5726376026480975
2012-03-21 16:29:37,s,117.99,12.54,gradient_boosting,105.44999999999999,0.5154522709898501
2012-03-24 15:41:10,ma,25.25,13.9,gradient_boosting,11.35,0.681245301217545
2012-03-29 16:40:44,wdc,21.9,14.21,gradient_boosting,7.689999999999998,0.6364592387496028
2012-04-19 06:46:31,cim,16.64,15.41,gradient_boosting,1.2300000000000004,0.5126098052070877
2012-04-21 12:27:28,hov,147.24,15.21,gradient_boosting,132.03,0.7231776772869194
2012-04-21 13:17:23,len,48.84,15.21,gradient_boosting,33.63,0.588592316960869
2012-05-01 11:56:52,bac,46.75,14.96,gradient_boosting,31.79,0.5948334424449926
2012-05-15 15:13:11,aapl,-9.81,27.35,gradient_boosting,-37.160000000000004,0.8344634885177861
2012-05-18 20:33:27,goog,51.43,31.53,gradient_boosting,19.9,0.5368367988821164
2012-06-10 08:21:25,anf,61.73,26.57,gradient_boosting,35.16,0.6770966181736154
2012-06-10 08:23:11,hov,176.39,26.57,gradient_boosting,149.82,0.6247346895381048
2012-06-10 10:03:27,urbn,52.93,26.57,gradient_boosting,26.36,0.5251658547021695
2012-06-16 02:22:44,ma,37.98,23.71,gradient_boosting,14.269999999999996,0.6242805597398439
2012-06-20 09:37:20,s,125.88,19.65,gradient_boosting,106.22999999999999,0.5158619975683861
2012-06-20 10:12:22,wmt,9.1,19.65,gradient_boosting,-10.549999999999999,0.5057891268136808
2012-06-29 09:46:31,pfe,26.14,20.5,gradient_boosting,5.640000000000001,0.5246079728954123
2012-07-03 06:05:07,dsw,43.64,19.99,gradient_boosting,23.650000000000002,0.7192754843955
2012-07-15 07:47:21,siri,81.82,26.64,gradient_boosting,55.17999999999999,0.5316942238046563
2012-07-16 18:22:38,goog,59.95,26.46,gradient_boosting,33.49,0.5368367988821164
2012-07-23 13:13:10,ges,25.2,28.0,gradient_boosting,-2.8000000000000007,0.5782478206662247
2012-07-23 18:32:30,aeo,2.12,28.0,gradient_boosting,-25.88,0.5178848116766649
2012-08-15 11:02:12,amd,-11.93,20.68,gradient_boosting,-32.61,0.5469024686696948
2012-08-18 06:28:42,ma,49.83,19.24,gradient_boosting,30.59,0.625154433656409
2012-08-18 20:14:14,cim,23.84,19.24,gradient_boosting,4.600000000000001,0.5844600057420942
2012-09-04 07:05:00,ma,51.95,20.16,gradient_boosting,31.790000000000003,0.625154433656409
2012-09-23 14:04:56,ges,23.03,19.04,gradient_boosting,3.990000000000002,0.5210011521938498
2012-09-23 15:53:29,aapl,-17.11,19.04,gradient_boosting,-36.15,0.7255232966851408
2012-10-01 10:48:37,ges,27.29,19.88,gradient_boosting,7.41,0.5683440736723792
2012-10-10 18:42:47,fhn,16.92,20.65,gradient_boosting,-3.729999999999997,0.5913058603162056
2012-10-11 10:08:06,ges,27.92,21.36,gradient_boosting,6.560000000000002,0.5947042225200435
2012-10-11 20:20:07,aapl,-7.2,21.36,gradient_boosting,-28.56,0.7395599479881741
2012-10-13 22:46:13,rsh,50.07,21.76,gradient_boosting,28.31,0.5525634468047226
2012-10-14 07:23:23,anf,5.51,22.25,gradient_boosting,-16.740000000000002,0.5287347786954104
2012-10-14 22:45:50,wmt,0.9,22.25,gradient_boosting,-21.35,0.5151758630304498
2012-10-15 09:41:26,amd,46.18,20.36,gradient_boosting,25.82,0.7161401680859644
2012-10-19 19:14:02,wmt,2.55,24.28,gradient_boosting,-21.73,0.5151758630304498
2012-10-21 05:19:34,aapl,1.12,24.29,gradient_boosting,-23.169999999999998,0.7395599479881741
2012-10-25 02:10:24,nbr,19.34,27.13,gradient_boosting,-7.789999999999999,0.5536894676084579
2012-11-01 16:37:56,znga,60.54,26.07,gradient_boosting,34.47,0.5318816248894271
2012-11-04 04:51:47,ges,40.49,27.65,gradient_boosting,12.840000000000003,0.5947042225200435
2012-11-04 18:00:37,zion,33.09,27.65,gradient_boosting,5.440000000000005,0.5528961471586231
2012-11-07 15:11:00,anf,2.3,27.94,gradient_boosting,-25.64,0.5213698656331928
2012-11-10 00:28:49,znga,63.21,31.13,gradient_boosting,32.08,0.5318816248894271
2012-11-14 06:49:06,amd,82.38,34.77,gradient_boosting,47.60999999999999,0.5106744563306307
2012-11-18 19:25:34,amd,86.56,34.45,gradient_boosting,52.11,0.5106744563306307
2012-11-26 16:03:03,ma,63.56,30.9,gradient_boosting,32.660000000000004,0.5431903407644944
2013-01-20 19:31:49,aapl,29.07,26.31,gradient_boosting,2.7600000000000016,0.7452505002978133
2013-01-21 13:19:18,amd,69.51,26.68,gradient_boosting,42.830000000000005,0.7149846037511673
2013-02-16 01:09:21,znga,52.19,23.42,gradient_boosting,28.769999999999996,0.7453074828024323
2013-03-15 01:14:22,grpn,55.1,20.36,gradient_boosting,34.74,0.6626056006725384
2013-03-15 02:24:36,ma,53.59,20.36,gradient_boosting,33.230000000000004,0.6143606828547576
2013-03-17 14:31:53,bby,24.02,21.45,gradient_boosting,2.5700000000000003,0.5904252583701214
2013-03-17 22:38:53,dsw,19.4,21.45,gradient_boosting,-2.0500000000000007,0.6125013500396335
2013-03-30 07:22:01,anf,-14.31,20.78,gradient_boosting,-35.09,0.5554102740404662
2013-03-30 07:41:32,aeo,-32.48,20.78,gradient_boosting,-53.26,0.5118544472639421
2013-04-06 07:44:32,x,62.12,22.56,gradient_boosting,39.56,0.5534108048913347
2013-04-22 01:02:22,rsh,31.35,22.74,gradient_boosting,8.610000000000003,0.6327870580772899
2013-04-22 01:30:37,gme,33.68,22.74,gradient_boosting,10.940000000000001,0.5569977380392339
2013-04-22 01:56:15,fslr,83.54,22.74,gradient_boosting,60.80000000000001,0.5718602084764841
2013-04-22 02:07:08,znga,41.18,22.74,gradient_boosting,18.44,0.6794442645874536
2013-04-22 02:17:30,grpn,21.11,22.74,gradient_boosting,-1.629999999999999,0.646560132717198
2013-04-22 02:26:51,wmt,1.92,22.74,gradient_boosting,-20.82,0.5151758630304498
2013-04-22 02:41:06,etfc,122.05,22.74,gradient_boosting,99.31,0.5024670284292593
2013-04-22 02:41:34,hov,-10.92,22.74,gradient_boosting,-33.66,0.6994982306992967
2013-04-22 02:43:35,amd,74.8,22.74,gradient_boosting,52.06,0.6538914830671566
2013-04-22 02:53:15,dal,132.48,22.74,gradient_boosting,109.74,0.5545213946171041
2013-04-22 03:29:59,x,66.44,22.74,gradient_boosting,43.7,0.5534108048913347
2013-04-22 18:49:03,aiz,44.32,22.74,gradient_boosting,21.580000000000002,0.5042633779939417
2013-04-23 03:01:29,aapl,54.4,21.2,gradient_boosting,33.2,0.6017741674862503
2013-04-23 17:01:02,clf,8.27,21.2,gradient_boosting,-12.93,0.5128830612788752
2013-04-25 00:09:21,ma,36.63,19.89,gradient_boosting,16.740000000000002,0.6069263041467909
2013-04-25 02:13:39,ma,36.63,19.89,gradient_boosting,16.740000000000002,0.6069263041467909
2013-04-25 02:27:46,sfly,-13.66,19.89,gradient_boosting,-33.55,0.6783547631823416
2013-04-26 07:09:40,hov,-22.05,20.1,gradient_boosting,-42.150000000000006,0.6994982306992967
2013-04-26 11:30:26,ntri,84.56,20.1,gradient_boosting,64.46000000000001,0.6211340978243187
2013-05-08 21:34:35,wmt,3.05,17.22,gradient_boosting,-14.169999999999998,0.5151758630304498
2013-05-10 05:43:27,znga,7.74,17.34,gradient_boosting,-9.6,0.6575554717855677
2013-05-11 09:27:48,mnst,23.53,17.34,gradient_boosting,6.190000000000001,0.5230639551587091
2013-05-11 10:25:56,grpn,-3.2,17.34,gradient_boosting,-20.54,0.6764910404891514
2013-05-11 18:45:58,ges,-1.37,17.34,gradient_boosting,-18.71,0.5070479270770992
2013-05-13 15:24:02,dsw,2.22,18.5,gradient_boosting,-16.28,0.5621181666872824
2013-05-14 09:55:11,x,38.8,16.73,gradient_boosting,22.069999999999997,0.5668132913353674
2013-05-15 12:12:56,fhn,0.95,15.08,gradient_boosting,-14.13,0.5536739031656576
2013-05-16 23:28:32,aapl,63.08,16.03,gradient_boosting,47.05,0.5596353117999717
2013-05-18 09:22:40,ffiv,24.19,14.92,gradient_boosting,9.270000000000001,0.5134511296626099
2013-05-21 06:58:47,gme,3.3,15.42,gradient_boosting,-12.120000000000001,0.5089598942438958
2013-05-21 08:39:05,lsi,10.91,15.42,gradient_boosting,-4.51,0.5224758186490837
2013-05-23 20:34:05,wtw,-52.13,17.37,gradient_boosting,-69.5,0.5924230205547927
2013-08-07 10:10:37,bks,22.33,15.13,gradient_boosting,7.1999999999999975,0.569288313178725
2013-09-02 11:16:26,wmt,6.42,24.99,gradient_boosting,-18.57,0.5151758630304498
